,SM1001_SM1001_MT,SM1029_polyA_metaT,SM1004_polyA_metaT,SM1030_polyA_metaT,SM1005_polyA_metaT,SM1026_polyA_metaT,SM1031_polyA_metaT,SM1000_polyA_metaT,SM1003_polyA_metaT,SM1028_polyA_metaT,SM1050_polyA_metaT,SM1027_polyA_metaT,SM1002_polyA_metaT
SM1029_polyA_metaT_scaffold_2_c1,0,1,1,1,0,0,0,0,0,1,0,0,1
SM1000_polyA_metaT_scaffold_1_c1,0,2,0,0,0,1,1,1,0,0,2,0,0
SM1027_polyA_metaT_scaffold_1_c1,0,1,0,0,0,0,0,0,0,0,0,1,0
SM1000_polyA_metaT_scaffold_3_c1,0,1,0,0,0,1,0,1,0,1,0,0,1
SM1000_polyA_metaT_scaffold_5_c1,0,1,0,0,0,1,0,1,1,0,1,0,0
SM1029_polyA_metaT_scaffold_3_c1,0,1,0,0,0,0,2,0,0,1,0,0,0
SM1031_polyA_metaT_scaffold_10_c1,0,4,0,1,0,0,2,0,0,0,0,0,0
SM1027_polyA_metaT_scaffold_8_c1,0,1,0,0,1,1,1,0,0,1,0,1,1
SM1027_polyA_metaT_scaffold_9_c1,0,1,0,0,0,1,0,0,0,0,0,1,0
SM1030_polyA_metaT_scaffold_24_c1,0,1,1,1,1,1,1,0,1,1,0,0,1
SM1028_polyA_metaT_scaffold_18_c1,0,1,0,0,0,0,0,0,0,1,0,0,0
SM1004_polyA_metaT_scaffold_22_c1,0,1,1,0,0,1,0,1,1,1,1,1,0
SM1000_polyA_metaT_scaffold_25_c1,0,1,0,0,0,0,0,1,0,0,0,0,0
SM1026_polyA_metaT_scaffold_9_c1,0,1,0,0,0,1,0,2,0,1,1,0,0
SM1028_polyA_metaT_scaffold_26_c1,0,1,0,0,0,0,0,0,0,1,0,0,0
SM1028_polyA_metaT_scaffold_29_c1,0,1,0,0,1,0,1,1,0,1,1,0,1
SM1000_polyA_metaT_scaffold_30_c1,0,1,1,1,0,0,2,1,0,0,1,0,0
SM1029_polyA_metaT_scaffold_16_c1,0,1,0,0,0,0,0,0,0,0,1,0,0
SM1029_polyA_metaT_scaffold_17_c1,0,1,0,0,0,0,0,0,0,0,0,0,0
SM1002_polyA_metaT_scaffold_15_c1,0,1,0,0,0,0,0,0,0,0,0,0,1
SM1026_polyA_metaT_scaffold_23_c1,0,1,0,0,0,1,0,0,0,1,0,0,0
SM1029_polyA_metaT_scaffold_26_c1,0,1,0,0,0,0,0,0,0,0,0,0,0
SM1029_polyA_metaT_scaffold_41_c1,0,1,0,0,0,0,0,0,0,0,0,0,0
SM1029_polyA_metaT_scaffold_55_c1,0,1,0,0,0,0,0,0,0,0,1,0,0
SM1030_polyA_metaT_scaffold_226_c1,0,1,1,1,0,0,0,0,0,0,1,0,0
SM1029_polyA_metaT_scaffold_81_c1,0,1,0,0,0,0,0,1,0,0,0,1,0
SM1029_polyA_metaT_scaffold_166_c1,0,1,0,0,0,0,0,0,0,0,0,0,0
SM1029_polyA_metaT_scaffold_176_c1,0,1,0,0,0,0,0,0,0,0,0,0,0
SM1029_polyA_metaT_scaffold_245_c1,0,1,0,0,0,0,0,0,0,0,1,0,0
SM1029_polyA_metaT_scaffold_297_c1,0,1,0,0,0,0,0,0,0,0,0,0,0
SM1004_polyA_metaT_scaffold_938_c1,0,1,1,0,0,0,0,0,0,0,0,0,0
SM1026_polyA_metaT_scaffold_248_c1,0,1,0,0,0,1,0,0,0,0,0,0,0
SM1029_polyA_metaT_scaffold_574_c1,0,1,0,0,0,0,0,0,0,0,0,0,0
SM1029_polyA_metaT_scaffold_689_c1,0,1,0,0,1,0,0,0,0,0,0,0,0
SM1003_polyA_metaT_scaffold_2407_c1,0,1,0,0,0,0,0,0,1,0,0,0,0
SM1028_polyA_metaT_scaffold_3578_c1,0,1,0,0,0,0,1,0,0,1,0,0,0
SM1029_polyA_metaT_scaffold_7732_c1,0,1,0,0,0,0,0,0,0,0,0,0,0
SM1029_polyA_metaT_scaffold_8422_c1,0,1,0,0,0,0,0,0,0,0,0,0,0
SM1029_polyA_metaT_scaffold_9921_c1,0,1,0,0,0,0,0,0,0,0,0,0,0
SM1026_polyA_metaT_scaffold_5467_c1,0,1,0,0,0,1,0,1,0,0,0,0,0
SM1029_polyA_metaT_scaffold_18329_c1,0,1,0,0,0,0,0,0,0,0,0,0,0
SM1029_polyA_metaT_scaffold_20267_c1,0,1,0,0,0,0,0,0,0,0,0,0,0
SM1029_polyA_metaT_scaffold_21401_c1,0,1,0,0,0,0,0,0,0,0,0,0,0
SM1029_polyA_metaT_scaffold_27359_c1,0,1,0,0,0,0,0,0,0,0,0,0,0
SM1028_polyA_metaT_scaffold_74216_c1,0,1,0,0,0,0,0,0,0,1,0,0,0
SM1029_polyA_metaT_scaffold_31818_c1,0,1,0,0,0,0,0,0,0,0,0,0,0
SM1029_polyA_metaT_scaffold_63630_c1,0,1,0,0,0,0,0,0,0,0,0,0,0
SM1029_polyA_metaT_scaffold_72654_c1,0,1,0,0,0,0,0,0,0,0,0,0,0
SM1029_polyA_metaT_scaffold_81271_c1,0,1,0,0,0,0,0,0,0,0,0,0,0
SM1029_polyA_metaT_scaffold_92197_c1,0,1,0,0,0,0,0,0,0,0,0,0,0
SM1004_polyA_metaT_scaffold_2_c1,0,0,1,1,1,0,0,0,0,0,0,0,0
SM1026_polyA_metaT_scaffold_1_c1,0,0,1,0,1,1,1,2,1,2,2,1,0
SM1031_polyA_metaT_scaffold_2_c1,0,0,1,1,0,0,1,0,0,0,1,0,1
SM1004_polyA_metaT_scaffold_4_c1,0,0,1,0,0,0,0,0,0,1,0,0,1
SM1004_polyA_metaT_scaffold_5_c1,0,0,1,1,0,0,0,0,1,0,1,0,0
SM1000_polyA_metaT_scaffold_4_c1,0,0,1,0,0,0,0,1,0,0,0,0,0
SM1004_polyA_metaT_scaffold_7_c1,0,0,1,1,0,0,0,0,1,0,1,0,0
SM1004_polyA_metaT_scaffold_9_c1,0,0,1,1,0,0,0,0,0,0,0,0,0
SM1004_polyA_metaT_scaffold_10_c1,0,0,1,0,0,0,0,0,0,0,0,0,0
SM1003_polyA_metaT_scaffold_4_c1,0,0,1,1,1,1,1,1,1,0,0,1,0
SM1031_polyA_metaT_scaffold_8_c1,0,0,1,1,0,0,1,0,0,1,0,0,1
SM1004_polyA_metaT_scaffold_12_c1,0,0,1,0,0,0,0,0,0,0,0,0,0
SM1050_polyA_metaT_scaffold_6_c1,0,0,1,2,0,2,0,0,1,0,1,0,0
SM1004_polyA_metaT_scaffold_13_c1,0,0,1,1,0,0,0,0,0,0,0,0,0
SM1003_polyA_metaT_scaffold_10_c1,0,0,3,1,0,0,0,0,1,0,0,0,0
SM1030_polyA_metaT_scaffold_12_c1,0,0,1,1,0,0,0,0,0,0,0,0,0
SM1004_polyA_metaT_scaffold_15_c1,0,0,1,1,0,1,0,0,0,0,0,0,0
SM1050_polyA_metaT_scaffold_11_c1,0,0,1,1,1,0,1,0,1,0,1,0,0
SM1004_polyA_metaT_scaffold_18_c1,0,0,1,1,0,0,0,0,0,0,0,0,0
SM1003_polyA_metaT_scaffold_18_c1,0,0,1,0,0,1,0,0,1,0,0,1,0
SM1027_polyA_metaT_scaffold_12_c1,0,0,1,1,2,1,0,1,1,0,0,1,0
SM1004_polyA_metaT_scaffold_19_c1,0,0,1,3,0,0,0,0,0,0,0,0,0
SM1003_polyA_metaT_scaffold_21_c1,0,0,1,0,0,0,0,0,1,0,0,1,0
SM1003_polyA_metaT_scaffold_23_c1,0,0,1,0,0,0,0,0,1,0,0,1,0
SM1003_polyA_metaT_scaffold_25_c1,0,0,1,1,3,0,0,0,1,0,0,0,0
SM1031_polyA_metaT_scaffold_31_c1,0,0,1,0,0,1,1,1,0,0,0,0,0
SM1003_polyA_metaT_scaffold_29_c1,0,0,1,0,0,0,0,0,1,0,0,0,0
SM1027_polyA_metaT_scaffold_16_c1,0,0,2,1,2,2,0,2,1,0,0,1,0
SM1003_polyA_metaT_scaffold_30_c1,0,0,1,0,1,0,0,0,1,0,0,0,0
SM1003_polyA_metaT_scaffold_34_c1,0,0,1,1,0,0,0,0,1,0,0,1,0
SM1004_polyA_metaT_scaffold_28_c1,0,0,1,0,0,0,0,0,0,0,0,0,0
SM1004_polyA_metaT_scaffold_29_c1,0,0,1,1,0,0,0,0,0,0,0,0,0
SM1027_polyA_metaT_scaffold_19_c1,0,0,1,1,0,0,0,0,0,0,0,1,0
SM1050_polyA_metaT_scaffold_31_c1,0,0,1,0,0,0,0,0,1,0,1,0,0
SM1004_polyA_metaT_scaffold_41_c1,0,0,1,1,0,0,0,0,1,0,0,0,0
SM1004_polyA_metaT_scaffold_58_c1,0,0,1,0,0,0,0,0,0,0,0,0,0
SM1004_polyA_metaT_scaffold_78_c1,0,0,1,0,0,0,0,0,0,0,0,0,0
SM1030_polyA_metaT_scaffold_159_c1,0,0,1,1,0,0,0,0,0,0,0,0,0
SM1004_polyA_metaT_scaffold_94_c1,0,0,1,0,0,0,0,0,0,0,0,0,0
SM1004_polyA_metaT_scaffold_312_c1,0,0,1,0,0,0,0,0,1,0,0,0,0
SM1004_polyA_metaT_scaffold_595_c1,0,0,1,0,0,0,0,0,0,0,0,0,0
SM1004_polyA_metaT_scaffold_2180_c1,0,0,1,0,0,0,0,0,0,0,0,0,0
SM1004_polyA_metaT_scaffold_2660_c1,0,0,1,0,0,0,0,0,0,0,0,0,0
SM1004_polyA_metaT_scaffold_2743_c1,0,0,1,0,0,0,0,0,0,0,0,0,0
SM1004_polyA_metaT_scaffold_2787_c1,0,0,1,0,0,0,0,0,0,0,0,0,0
SM1004_polyA_metaT_scaffold_5856_c1,0,0,1,0,0,0,0,0,0,0,0,0,0
SM1004_polyA_metaT_scaffold_6936_c1,0,0,1,0,0,0,0,0,0,0,0,0,0
SM1003_polyA_metaT_scaffold_15194_c1,0,0,1,0,0,0,0,0,1,0,0,0,0
SM1004_polyA_metaT_scaffold_15330_c1,0,0,1,0,0,0,0,0,0,0,0,0,0
SM1004_polyA_metaT_scaffold_17353_c1,0,0,1,0,0,1,0,0,0,0,0,0,0
SM1030_polyA_metaT_scaffold_34304_c1,0,0,1,1,0,0,0,0,0,0,0,0,0
SM1004_polyA_metaT_scaffold_26823_c1,0,0,1,0,0,0,0,0,0,0,0,0,0
SM1004_polyA_metaT_scaffold_32616_c1,0,0,1,0,0,0,0,0,0,0,0,0,0
SM1004_polyA_metaT_scaffold_34887_c1,0,0,1,0,0,0,0,0,0,0,0,0,0
SM1004_polyA_metaT_scaffold_46489_c1,0,0,1,0,0,0,0,0,0,0,0,0,0
SM1004_polyA_metaT_scaffold_49553_c1,0,0,1,0,0,0,0,0,0,0,0,0,0
SM1004_polyA_metaT_scaffold_57792_c1,0,0,1,0,0,0,0,0,0,0,0,0,0
SM1004_polyA_metaT_scaffold_64437_c1,0,0,1,0,0,0,0,0,0,0,0,0,0
SM1004_polyA_metaT_scaffold_82885_c1,0,0,1,0,0,0,0,0,0,0,0,0,0
SM1004_polyA_metaT_scaffold_84190_c1,0,0,1,0,0,0,0,0,0,0,0,0,0
SM1004_polyA_metaT_scaffold_102670_c1,0,0,1,0,0,0,0,0,0,0,0,0,0
SM1004_polyA_metaT_scaffold_105291_c1,0,0,1,0,0,0,0,0,0,0,0,0,0
SM1004_polyA_metaT_scaffold_148562_c1,0,0,1,0,0,0,0,0,0,0,0,0,0
SM1004_polyA_metaT_scaffold_154118_c1,0,0,1,0,0,0,0,0,0,0,0,0,0
SM1004_polyA_metaT_scaffold_176778_c1,0,0,1,0,0,0,0,0,0,0,0,0,0
SM1031_polyA_metaT_scaffold_4_c1,0,0,0,1,1,0,1,0,0,0,0,0,1
SM1030_polyA_metaT_scaffold_7_c1,0,0,0,1,0,0,0,0,0,0,0,0,0
SM1031_polyA_metaT_scaffold_19_c1,0,0,0,1,1,0,1,0,1,0,0,0,0
SM1030_polyA_metaT_scaffold_18_c1,0,0,0,1,0,0,0,0,0,0,0,0,0
SM1030_polyA_metaT_scaffold_19_c1,0,0,0,1,0,0,0,0,0,0,0,0,0
SM1030_polyA_metaT_scaffold_21_c1,0,0,0,1,0,0,0,0,0,0,0,0,0
SM1026_polyA_metaT_scaffold_8_c1,0,0,0,1,0,1,0,0,0,0,0,0,0
SM1030_polyA_metaT_scaffold_28_c1,0,0,0,1,0,0,0,0,0,0,0,0,0
SM1031_polyA_metaT_scaffold_29_c1,0,0,0,1,0,0,1,0,1,0,0,0,0
SM1030_polyA_metaT_scaffold_34_c1,0,0,0,1,0,0,0,0,0,0,0,0,0
SM1030_polyA_metaT_scaffold_53_c1,0,0,0,1,2,0,1,0,0,0,1,0,1
SM1030_polyA_metaT_scaffold_91_c1,0,0,0,1,0,0,0,0,0,0,0,0,0
SM1030_polyA_metaT_scaffold_111_c1,0,0,0,1,0,0,0,0,0,0,0,0,0
SM1050_polyA_metaT_scaffold_57_c1,0,0,0,1,0,0,1,0,0,0,1,0,0
SM1003_polyA_metaT_scaffold_95_c1,0,0,0,1,0,0,0,0,1,0,0,0,0
SM1030_polyA_metaT_scaffold_7852_c1,0,0,0,1,0,0,0,0,0,0,0,0,0
SM1030_polyA_metaT_scaffold_24405_c1,0,0,0,1,0,0,0,0,0,0,0,0,0
SM1030_polyA_metaT_scaffold_80342_c1,0,0,0,1,0,0,0,0,0,0,0,0,0
SM1030_polyA_metaT_scaffold_103500_c1,0,0,0,1,0,0,0,0,0,0,0,0,0
SM1030_polyA_metaT_scaffold_176752_c1,0,0,0,1,0,0,0,0,0,0,0,0,0
SM1000_polyA_metaT_scaffold_14_c1,0,0,0,0,1,2,0,1,0,1,0,0,0
SM1027_polyA_metaT_scaffold_5_c1_1_1_7363,0,0,0,0,1,2,0,1,3,1,0,1,0
SM1031_polyA_metaT_scaffold_16_c1,0,0,0,0,1,0,1,0,0,0,0,0,0
SM1005_polyA_metaT_scaffold_6_c1,0,0,0,0,1,0,0,0,0,0,0,0,0
SM1005_polyA_metaT_scaffold_10_c1,0,0,0,0,1,0,0,0,0,0,0,0,0
SM1031_polyA_metaT_scaffold_38_c1,0,0,0,0,2,0,1,0,0,0,0,0,0
SM1005_polyA_metaT_scaffold_15_c1,0,0,0,0,1,0,0,0,0,0,0,0,0
SM1031_polyA_metaT_scaffold_1296_c1,0,0,0,0,1,0,1,0,0,0,0,0,0
SM1005_polyA_metaT_scaffold_485_c1,0,0,0,0,1,0,0,0,0,0,0,0,0
SM1005_polyA_metaT_scaffold_826_c1,0,0,0,0,1,0,0,0,0,0,0,0,0
SM1005_polyA_metaT_scaffold_3285_c1,0,0,0,0,1,0,0,0,0,0,0,0,0
SM1005_polyA_metaT_scaffold_6688_c1,0,0,0,0,1,0,0,0,0,0,0,0,0
SM1005_polyA_metaT_scaffold_8944_c1,0,0,0,0,1,0,0,0,0,0,0,0,0
SM1005_polyA_metaT_scaffold_9231_c1,0,0,0,0,1,0,0,0,0,0,0,0,0
SM1005_polyA_metaT_scaffold_13728_c1,0,0,0,0,1,0,0,0,0,0,0,0,0
SM1005_polyA_metaT_scaffold_14235_c1,0,0,0,0,1,0,0,0,0,0,0,0,0
SM1005_polyA_metaT_scaffold_21910_c1,0,0,0,0,1,0,0,0,0,0,0,0,0
SM1005_polyA_metaT_scaffold_23643_c1,0,0,0,0,1,0,0,0,0,0,0,0,0
SM1000_polyA_metaT_scaffold_6_c1,0,0,0,0,0,1,0,1,2,0,1,0,0
SM1000_polyA_metaT_scaffold_8_c1,0,0,0,0,0,1,0,1,0,0,0,0,0
SM1026_polyA_metaT_scaffold_2_c1,0,0,0,0,0,1,0,0,0,0,0,0,0
SM1028_polyA_metaT_scaffold_3_c1,0,0,0,0,0,1,1,0,0,1,1,0,0
SM1026_polyA_metaT_scaffold_5_c1,0,0,0,0,0,1,0,0,0,0,0,0,0
SM1028_polyA_metaT_scaffold_13_c1,0,0,0,0,0,1,1,0,0,1,0,0,0
SM1026_polyA_metaT_scaffold_7_c1,0,0,0,0,0,1,1,0,0,1,0,0,1
SM1031_polyA_metaT_scaffold_24_c1,0,0,0,0,0,1,1,0,0,2,1,0,1
SM1026_polyA_metaT_scaffold_12_c1,0,0,0,0,0,1,0,0,0,0,0,0,0
SM1000_polyA_metaT_scaffold_32_c1,0,0,0,0,0,1,0,1,0,0,0,0,0
SM1028_polyA_metaT_scaffold_35_c1,0,0,0,0,0,2,0,0,0,1,0,0,0
SM1026_polyA_metaT_scaffold_17_c1,0,0,0,0,0,1,0,0,0,0,0,0,0
SM1026_polyA_metaT_scaffold_25_c1,0,0,0,0,0,1,0,0,0,0,0,0,0
SM1026_polyA_metaT_scaffold_27_c1,0,0,0,0,0,1,0,0,0,0,0,0,0
SM1026_polyA_metaT_scaffold_31_c1,0,0,0,0,0,1,0,0,0,0,0,0,0
SM1028_polyA_metaT_scaffold_68_c1,0,0,0,0,0,1,0,2,0,1,0,2,0
SM1026_polyA_metaT_scaffold_34_c1,0,0,0,0,0,1,0,0,0,0,0,0,0
SM1026_polyA_metaT_scaffold_58_c1,0,0,0,0,0,1,0,0,0,0,0,0,0
SM1026_polyA_metaT_scaffold_142_c1,0,0,0,0,0,1,0,0,0,0,0,0,0
SM1026_polyA_metaT_scaffold_501_c1,0,0,0,0,0,1,0,0,0,0,0,0,0
SM1026_polyA_metaT_scaffold_1689_c1,0,0,0,0,0,1,0,1,0,0,0,0,0
SM1026_polyA_metaT_scaffold_2179_c1,0,0,0,0,0,1,0,0,0,0,0,0,0
SM1026_polyA_metaT_scaffold_2281_c1,0,0,0,0,0,1,0,0,0,0,0,0,0
SM1027_polyA_metaT_scaffold_11898_c1,0,0,0,0,0,1,0,0,0,0,0,1,0
SM1026_polyA_metaT_scaffold_24361_c1,0,0,0,0,0,1,0,0,0,0,0,0,0
SM1026_polyA_metaT_scaffold_35665_c1,0,0,0,0,0,1,0,0,0,0,0,0,0
SM1026_polyA_metaT_scaffold_35970_c1,0,0,0,0,0,1,0,0,0,0,0,0,0
SM1026_polyA_metaT_scaffold_43473_c1,0,0,0,0,0,1,0,0,0,0,0,0,0
SM1026_polyA_metaT_scaffold_59687_c1,0,0,0,0,0,1,0,0,0,0,0,0,0
SM1031_polyA_metaT_scaffold_7_c1,0,0,0,0,0,0,1,0,0,0,1,0,0
SM1031_polyA_metaT_scaffold_9_c1,0,0,0,0,0,0,1,0,0,0,0,0,0
SM1031_polyA_metaT_scaffold_12_c1,0,0,0,0,0,0,1,0,0,0,0,0,0
SM1031_polyA_metaT_scaffold_14_c1,0,0,0,0,0,0,1,0,0,0,0,0,0
SM1031_polyA_metaT_scaffold_15_c1,0,0,0,0,0,0,1,0,0,0,0,0,0
SM1031_polyA_metaT_scaffold_17_c1,0,0,0,0,0,0,1,0,0,0,0,0,0
SM1031_polyA_metaT_scaffold_18_c1,0,0,0,0,0,0,1,0,0,0,0,0,0
SM1028_polyA_metaT_scaffold_6_c1,0,0,0,0,0,0,1,1,0,1,0,1,0
SM1031_polyA_metaT_scaffold_20_c1,0,0,0,0,0,0,1,0,0,0,0,0,0
SM1031_polyA_metaT_scaffold_23_c1,0,0,0,0,0,0,1,0,0,0,0,0,0
SM1000_polyA_metaT_scaffold_24_c1,0,0,0,0,0,0,1,1,0,1,0,0,0
SM1031_polyA_metaT_scaffold_26_c1,0,0,0,0,0,0,1,0,0,0,0,0,0
SM1031_polyA_metaT_scaffold_28_c1,0,0,0,0,0,0,1,0,0,0,0,0,0
SM1003_polyA_metaT_scaffold_32_c1,0,0,0,0,0,0,1,0,1,1,0,0,0
SM1031_polyA_metaT_scaffold_35_c1,0,0,0,0,0,0,1,0,0,0,0,0,0
SM1031_polyA_metaT_scaffold_36_c1,0,0,0,0,0,0,1,0,0,0,0,0,0
SM1031_polyA_metaT_scaffold_39_c1,0,0,0,0,0,0,1,0,0,0,0,0,0
SM1031_polyA_metaT_scaffold_42_c1,0,0,0,0,0,0,1,0,0,1,0,0,0
SM1031_polyA_metaT_scaffold_45_c1,0,0,0,0,0,0,1,0,0,0,0,0,0
SM1031_polyA_metaT_scaffold_46_c1,0,0,0,0,0,0,1,0,0,0,0,0,0
SM1031_polyA_metaT_scaffold_47_c1,0,0,0,0,0,0,1,0,0,0,0,0,0
SM1031_polyA_metaT_scaffold_48_c1,0,0,0,0,0,0,1,0,0,0,0,0,0
SM1031_polyA_metaT_scaffold_58_c1,0,0,0,0,0,0,1,0,0,0,0,0,0
SM1031_polyA_metaT_scaffold_59_c1,0,0,0,0,0,0,1,0,0,0,0,0,0
SM1031_polyA_metaT_scaffold_63_c1,0,0,0,0,0,0,1,0,0,0,0,0,0
SM1031_polyA_metaT_scaffold_169_c1,0,0,0,0,0,0,1,0,0,0,0,0,0
SM1031_polyA_metaT_scaffold_264_c1,0,0,0,0,0,0,1,0,0,0,0,0,0
SM1031_polyA_metaT_scaffold_600_c1,0,0,0,0,0,0,1,0,0,0,0,0,0
SM1031_polyA_metaT_scaffold_633_c1,0,0,0,0,0,0,1,0,0,0,0,0,0
SM1028_polyA_metaT_scaffold_2167_c1,0,0,0,0,0,0,1,0,1,1,1,0,0
SM1031_polyA_metaT_scaffold_2378_c1,0,0,0,0,0,0,1,0,0,0,0,0,0
SM1031_polyA_metaT_scaffold_2636_c1,0,0,0,0,0,0,1,0,0,0,0,0,0
SM1031_polyA_metaT_scaffold_7007_c1,0,0,0,0,0,0,1,0,0,0,0,0,0
SM1031_polyA_metaT_scaffold_14239_c1,0,0,0,0,0,0,1,0,0,0,0,0,0
SM1031_polyA_metaT_scaffold_14520_c1,0,0,0,0,0,0,1,0,0,0,0,0,0
SM1031_polyA_metaT_scaffold_16298_c1,0,0,0,0,0,0,1,0,0,0,0,0,0
SM1031_polyA_metaT_scaffold_22341_c1,0,0,0,0,0,0,1,0,0,0,0,0,0
SM1031_polyA_metaT_scaffold_23471_c1,0,0,0,0,0,0,1,0,0,0,0,0,0
SM1031_polyA_metaT_scaffold_46368_c1,0,0,0,0,0,0,1,0,0,0,0,0,0
SM1031_polyA_metaT_scaffold_50626_c1,0,0,0,0,0,0,1,0,0,0,0,0,0
SM1031_polyA_metaT_scaffold_58440_c1,0,0,0,0,0,0,1,0,0,0,0,0,0
SM1031_polyA_metaT_scaffold_86598_c1,0,0,0,0,0,0,1,0,0,0,0,0,0
SM1031_polyA_metaT_scaffold_96590_c1,0,0,0,0,0,0,1,0,0,0,0,0,0
SM1031_polyA_metaT_scaffold_105949_c1,0,0,0,0,0,0,1,0,0,0,0,0,0
SM1000_polyA_metaT_scaffold_9_c1,0,0,0,0,0,0,0,1,0,0,1,0,0
SM1000_polyA_metaT_scaffold_12_c1,0,0,0,0,0,0,0,1,0,0,0,0,0
SM1000_polyA_metaT_scaffold_16_c1,0,0,0,0,0,0,0,1,0,1,0,0,1
SM1000_polyA_metaT_scaffold_21_c1,0,0,0,0,0,0,0,1,0,0,0,0,0
SM1000_polyA_metaT_scaffold_22_c1,0,0,0,0,0,0,0,1,0,0,0,0,0
SM1027_polyA_metaT_scaffold_15_c1,0,0,0,0,0,0,0,1,0,0,0,1,0
SM1028_polyA_metaT_scaffold_25_c1,0,0,0,0,0,0,0,2,0,1,0,0,0
SM1000_polyA_metaT_scaffold_29_c1,0,0,0,0,0,0,0,1,0,0,0,0,0
SM1000_polyA_metaT_scaffold_34_c1,0,0,0,0,0,0,0,1,0,0,0,0,0
SM1000_polyA_metaT_scaffold_35_c1,0,0,0,0,0,0,0,1,0,0,0,0,0
SM1000_polyA_metaT_scaffold_41_c1,0,0,0,0,0,0,0,1,0,0,0,0,0
SM1000_polyA_metaT_scaffold_63_c1,0,0,0,0,0,0,0,1,0,0,0,1,0
SM1000_polyA_metaT_scaffold_65_c1,0,0,0,0,0,0,0,1,0,0,0,0,0
SM1028_polyA_metaT_scaffold_902_c1,0,0,0,0,0,0,0,1,0,1,0,0,0
SM1000_polyA_metaT_scaffold_247_c1,0,0,0,0,0,0,0,1,0,0,0,0,0
SM1000_polyA_metaT_scaffold_440_c1,0,0,0,0,0,0,0,1,0,0,0,0,0
SM1000_polyA_metaT_scaffold_1177_c1,0,0,0,0,0,0,0,1,0,0,0,1,0
SM1000_polyA_metaT_scaffold_4768_c1,0,0,0,0,0,0,0,1,0,0,0,0,0
SM1000_polyA_metaT_scaffold_8958_c1,0,0,0,0,0,0,0,1,0,0,0,0,0
SM1000_polyA_metaT_scaffold_11668_c1,0,0,0,0,0,0,0,1,0,0,0,0,0
SM1000_polyA_metaT_scaffold_13761_c1,0,0,0,0,0,0,0,1,0,0,0,0,0
SM1000_polyA_metaT_scaffold_17812_c1,0,0,0,0,0,0,0,1,0,0,0,0,0
SM1000_polyA_metaT_scaffold_18577_c1,0,0,0,0,0,0,0,1,0,0,0,0,0
SM1000_polyA_metaT_scaffold_22985_c1,0,0,0,0,0,0,0,1,0,0,0,0,0
SM1003_polyA_metaT_scaffold_1_c1,0,0,0,0,0,0,0,0,1,0,0,0,0
SM1003_polyA_metaT_scaffold_3_c1,0,0,0,0,0,0,0,0,1,0,0,0,0
SM1003_polyA_metaT_scaffold_8_c1,0,0,0,0,0,0,0,0,1,0,0,0,0
SM1003_polyA_metaT_scaffold_11_c1,0,0,0,0,0,0,0,0,1,0,0,0,0
SM1003_polyA_metaT_scaffold_12_c1,0,0,0,0,0,0,0,0,1,0,0,0,0
SM1003_polyA_metaT_scaffold_17_c1,0,0,0,0,0,0,0,0,1,0,0,0,0
SM1003_polyA_metaT_scaffold_37_c1,0,0,0,0,0,0,0,0,1,0,0,0,0
SM1050_polyA_metaT_scaffold_34_c1,0,0,0,0,0,0,0,0,1,0,1,0,0
SM1003_polyA_metaT_scaffold_107_c1,0,0,0,0,0,0,0,0,1,0,0,0,0
SM1003_polyA_metaT_scaffold_143_c1,0,0,0,0,0,0,0,0,1,0,0,0,0
SM1003_polyA_metaT_scaffold_855_c1,0,0,0,0,0,0,0,0,1,0,0,0,0
SM1003_polyA_metaT_scaffold_1313_c1,0,0,0,0,0,0,0,0,1,0,0,0,0
SM1003_polyA_metaT_scaffold_1561_c1,0,0,0,0,0,0,0,0,1,0,0,0,0
SM1003_polyA_metaT_scaffold_2694_c1,0,0,0,0,0,0,0,0,1,0,0,0,0
SM1003_polyA_metaT_scaffold_5329_c1,0,0,0,0,0,0,0,0,1,0,0,0,0
SM1003_polyA_metaT_scaffold_5807_c1,0,0,0,0,0,0,0,0,1,0,0,0,0
SM1003_polyA_metaT_scaffold_6771_c1,0,0,0,0,0,0,0,0,1,0,0,0,0
SM1003_polyA_metaT_scaffold_6937_c1,0,0,0,0,0,0,0,0,1,0,0,0,0
SM1003_polyA_metaT_scaffold_10346_c1,0,0,0,0,0,0,0,0,1,0,0,0,0
SM1003_polyA_metaT_scaffold_15475_c1,0,0,0,0,0,0,0,0,1,0,0,0,0
SM1003_polyA_metaT_scaffold_16291_c1,0,0,0,0,0,0,0,0,1,0,0,0,0
SM1003_polyA_metaT_scaffold_25399_c1,0,0,0,0,0,0,0,0,1,0,0,0,0
SM1003_polyA_metaT_scaffold_27046_c1,0,0,0,0,0,0,0,0,1,0,0,0,0
SM1003_polyA_metaT_scaffold_40152_c1,0,0,0,0,0,0,0,0,1,0,0,0,0
SM1003_polyA_metaT_scaffold_45855_c1,0,0,0,0,0,0,0,0,1,0,0,0,0
SM1003_polyA_metaT_scaffold_48812_c1,0,0,0,0,0,0,0,0,1,0,0,0,0
SM1003_polyA_metaT_scaffold_58614_c1,0,0,0,0,0,0,0,0,1,0,0,0,0
SM1003_polyA_metaT_scaffold_59303_c1,0,0,0,0,0,0,0,0,1,0,0,0,0
SM1003_polyA_metaT_scaffold_70922_c1,0,0,0,0,0,0,0,0,1,0,0,0,0
SM1027_polyA_metaT_scaffold_43203_c1,0,0,0,0,0,0,0,0,1,0,0,1,0
SM1003_polyA_metaT_scaffold_78628_c1,0,0,0,0,0,0,0,0,1,0,0,0,0
SM1003_polyA_metaT_scaffold_87475_c1,0,0,0,0,0,0,0,0,1,0,0,0,0
SM1003_polyA_metaT_scaffold_90208_c1,0,0,0,0,0,0,0,0,1,0,0,0,0
SM1003_polyA_metaT_scaffold_103513_c1,0,0,0,0,0,0,0,0,1,0,0,0,0
SM1003_polyA_metaT_scaffold_109422_c1,0,0,0,0,0,0,0,0,1,0,0,0,0
SM1003_polyA_metaT_scaffold_165611_c1,0,0,0,0,0,0,0,0,1,0,0,0,0
SM1003_polyA_metaT_scaffold_169763_c1,0,0,0,0,0,0,0,0,1,0,0,0,0
SM1028_polyA_metaT_scaffold_4_c1,0,0,0,0,0,0,0,0,0,1,0,0,0
SM1028_polyA_metaT_scaffold_5_c1,0,0,0,0,0,0,0,0,0,1,0,0,0
SM1028_polyA_metaT_scaffold_10_c1,0,0,0,0,0,0,0,0,0,1,0,0,0
SM1028_polyA_metaT_scaffold_12_c1,0,0,0,0,0,0,0,0,0,1,0,1,0
SM1028_polyA_metaT_scaffold_14_c1,0,0,0,0,0,0,0,0,0,1,0,0,0
SM1028_polyA_metaT_scaffold_15_c1,0,0,0,0,0,0,0,0,0,1,0,0,0
SM1028_polyA_metaT_scaffold_20_c1,0,0,0,0,0,0,0,0,0,1,0,0,0
SM1028_polyA_metaT_scaffold_39_c1,0,0,0,0,0,0,0,0,0,1,0,0,0
SM1028_polyA_metaT_scaffold_41_c1,0,0,0,0,0,0,0,0,0,1,0,0,0
SM1028_polyA_metaT_scaffold_45_c1,0,0,0,0,0,0,0,0,0,1,0,0,0
SM1028_polyA_metaT_scaffold_47_c1,0,0,0,0,0,0,0,0,0,1,0,0,0
SM1028_polyA_metaT_scaffold_73_c1,0,0,0,0,0,0,0,0,0,1,0,0,0
SM1002_polyA_metaT_scaffold_22_c1,0,0,0,0,0,0,0,0,0,1,0,0,1
SM1028_polyA_metaT_scaffold_87_c1,0,0,0,0,0,0,0,0,0,1,0,0,0
SM1028_polyA_metaT_scaffold_277_c1,0,0,0,0,0,0,0,0,0,1,0,0,0
SM1050_polyA_metaT_scaffold_451_c1,0,0,0,0,0,0,0,0,0,1,1,0,0
SM1028_polyA_metaT_scaffold_1410_c1,0,0,0,0,0,0,0,0,0,1,0,0,0
SM1028_polyA_metaT_scaffold_3036_c1,0,0,0,0,0,0,0,0,0,1,0,0,0
SM1028_polyA_metaT_scaffold_4796_c1,0,0,0,0,0,0,0,0,0,1,0,0,0
SM1027_polyA_metaT_scaffold_2614_c1,1,0,0,0,0,0,0,0,0,1,0,1,1
SM1028_polyA_metaT_scaffold_12068_c1,0,0,0,0,0,0,0,0,0,1,0,0,0
SM1028_polyA_metaT_scaffold_13532_c1,0,0,0,0,0,0,0,0,0,1,0,0,0
SM1028_polyA_metaT_scaffold_24946_c1,0,0,0,0,0,0,0,0,0,1,0,0,0
SM1028_polyA_metaT_scaffold_30429_c1,0,0,0,0,0,0,0,0,0,1,0,0,0
SM1028_polyA_metaT_scaffold_36197_c1,0,0,0,0,0,0,0,0,0,1,0,0,0
SM1028_polyA_metaT_scaffold_36994_c1,0,0,0,0,0,0,0,0,0,1,0,0,0
SM1028_polyA_metaT_scaffold_51208_c1,0,0,0,0,0,0,0,0,0,1,0,0,0
SM1028_polyA_metaT_scaffold_120598_c1,0,0,0,0,0,0,0,0,0,1,0,0,0
SM1028_polyA_metaT_scaffold_149338_c1,0,0,0,0,0,0,0,0,0,1,0,0,0
SM1028_polyA_metaT_scaffold_164336_c1,0,0,0,0,0,0,0,0,0,1,0,0,0
SM1028_polyA_metaT_scaffold_197250_c1,0,0,0,0,0,0,0,0,0,1,0,0,0
SM1050_polyA_metaT_scaffold_3_c1,0,0,0,0,0,0,0,0,0,0,1,0,0
SM1050_polyA_metaT_scaffold_12_c1,0,0,0,0,0,0,0,0,0,0,1,0,0
SM1050_polyA_metaT_scaffold_13_c1,0,0,0,0,0,0,0,0,0,0,1,0,0
SM1050_polyA_metaT_scaffold_15_c1,0,0,0,0,0,0,0,0,0,0,1,0,0
SM1050_polyA_metaT_scaffold_17_c1,0,0,0,0,0,0,0,0,0,0,1,0,0
SM1050_polyA_metaT_scaffold_21_c1,0,0,0,0,0,0,0,0,0,0,1,0,0
SM1050_polyA_metaT_scaffold_38_c1,0,0,0,0,0,0,0,0,0,0,1,0,0
SM1050_polyA_metaT_scaffold_48_c1,0,0,0,0,0,0,0,0,0,0,1,0,0
SM1050_polyA_metaT_scaffold_65_c1,0,0,0,0,0,0,0,0,0,0,1,1,0
SM1050_polyA_metaT_scaffold_4688_c1,0,0,0,0,0,0,0,0,0,0,1,0,0
SM1050_polyA_metaT_scaffold_8821_c1,0,0,0,0,0,0,0,0,0,0,1,0,0
SM1050_polyA_metaT_scaffold_16152_c1,0,0,0,0,0,0,0,0,0,0,1,0,0
SM1050_polyA_metaT_scaffold_18098_c1,0,0,0,0,0,0,0,0,0,0,1,0,0
SM1050_polyA_metaT_scaffold_31920_c1,0,0,0,0,0,0,0,0,0,0,1,0,0
SM1050_polyA_metaT_scaffold_67836_c1,0,0,0,0,0,0,0,0,0,0,1,0,0
SM1050_polyA_metaT_scaffold_73952_c1,0,0,0,0,0,0,0,0,0,0,1,0,0
SM1050_polyA_metaT_scaffold_89506_c1,0,0,0,0,0,0,0,0,0,0,1,0,0
SM1050_polyA_metaT_scaffold_90926_c1,0,0,0,0,0,0,0,0,0,0,1,0,0
SM1050_polyA_metaT_scaffold_169013_c1,0,0,0,0,0,0,0,0,0,0,1,0,0
SM1050_polyA_metaT_scaffold_200310_c1,0,0,0,0,0,0,0,0,0,0,1,0,0
SM1027_polyA_metaT_scaffold_4_c1,0,0,0,0,0,0,0,0,0,0,0,1,0
SM1027_polyA_metaT_scaffold_6_c1,0,0,0,0,0,0,0,0,0,0,0,1,0
SM1027_polyA_metaT_scaffold_10_c1,0,0,0,0,0,0,0,0,0,0,0,1,0
SM1002_polyA_metaT_scaffold_4_c1,0,0,0,0,0,0,0,0,0,0,0,1,1
SM1027_polyA_metaT_scaffold_28_c1,0,0,0,0,0,0,0,0,0,0,0,1,0
SM1027_polyA_metaT_scaffold_30_c1,0,0,0,0,0,0,0,0,0,0,0,1,0
SM1027_polyA_metaT_scaffold_33_c1,0,0,0,0,0,0,0,0,0,0,0,1,0
SM1027_polyA_metaT_scaffold_34_c1,0,0,0,0,0,0,0,0,0,0,0,1,0
SM1002_polyA_metaT_scaffold_152_c1,0,0,0,0,0,0,0,0,0,0,0,1,1
SM1027_polyA_metaT_scaffold_3620_c1,0,0,0,0,0,0,0,0,0,0,0,1,0
SM1027_polyA_metaT_scaffold_11149_c1,0,0,0,0,0,0,0,0,0,0,0,1,0
SM1027_polyA_metaT_scaffold_11712_c1,0,0,0,0,0,0,0,0,0,0,0,1,0
SM1027_polyA_metaT_scaffold_16336_c1,0,0,0,0,0,0,0,0,0,0,0,1,0
SM1027_polyA_metaT_scaffold_19784_c1,0,0,0,0,0,0,0,0,0,0,0,1,0
SM1027_polyA_metaT_scaffold_28361_c1,0,0,0,0,0,0,0,0,0,0,0,1,0
SM1027_polyA_metaT_scaffold_53783_c1,0,0,0,0,0,0,0,0,0,0,0,1,0
SM1027_polyA_metaT_scaffold_82196_c1,0,0,0,0,0,0,0,0,0,0,0,1,0
SM1027_polyA_metaT_scaffold_85947_c1,0,0,0,0,0,0,0,0,0,0,0,1,0
SM1002_polyA_metaT_scaffold_5_c1,0,0,0,0,0,0,0,0,0,0,0,0,1
SM1002_polyA_metaT_scaffold_6_c1,0,0,0,0,0,0,0,0,0,0,0,0,1
SM1002_polyA_metaT_scaffold_9_c1,0,0,0,0,0,0,0,0,0,0,0,0,1
SM1002_polyA_metaT_scaffold_11_c1,0,0,0,0,0,0,0,0,0,0,0,0,1
SM1002_polyA_metaT_scaffold_17_c1,0,0,0,0,0,0,0,0,0,0,0,0,1
SM1002_polyA_metaT_scaffold_24_c1,0,0,0,0,0,0,0,0,0,0,0,0,1
SM1002_polyA_metaT_scaffold_56_c1,0,0,0,0,0,0,0,0,0,0,0,0,1
SM1002_polyA_metaT_scaffold_72_c1,0,0,0,0,0,0,0,0,0,0,0,0,1
SM1002_polyA_metaT_scaffold_113_c1,0,0,0,0,0,0,0,0,0,0,0,0,1
SM1002_polyA_metaT_scaffold_353_c1,0,0,0,0,0,0,0,0,0,0,0,0,1
SM1002_polyA_metaT_scaffold_381_c1,0,0,0,0,0,0,0,0,0,0,0,0,1
SM1002_polyA_metaT_scaffold_1083_c1,0,0,0,0,0,0,0,0,0,0,0,0,1
SM1002_polyA_metaT_scaffold_1311_c1,0,0,0,0,0,0,0,0,0,0,0,0,1
SM1002_polyA_metaT_scaffold_1544_c1,0,0,0,0,0,0,0,0,0,0,0,0,1
SM1002_polyA_metaT_scaffold_8727_c1,0,0,0,0,0,0,0,0,0,0,0,0,1
SM1002_polyA_metaT_scaffold_13912_c1,0,0,0,0,0,0,0,0,0,0,0,0,1
SM1002_polyA_metaT_scaffold_15959_c1,0,0,0,0,0,0,0,0,0,0,0,0,1
SM1002_polyA_metaT_scaffold_22718_c1,0,0,0,0,0,0,0,0,0,0,0,0,1
SM1002_polyA_metaT_scaffold_36248_c1,0,0,0,0,0,0,0,0,0,0,0,0,1