﻿sample,Type,ReadsMapped,ReadsUsed,ReadsNormalized,sample_moisture
SM1000,Bacterial,589734,440165978,0.001339799,intermediate
SM1002,Bacterial,220442,354644416,0.000621586,lower
SM1004,Bacterial,530310,258354536,0.002052644,higher
SM1005,Bacterial,1586345,544537504,0.002913197,higher
SM1028,Bacterial,116460,334661778,0.000347993,lower
SM1030,Bacterial,1134184,417285900,0.002718002,intermediate
SM1031,Bacterial,2585078,435021030,0.005942421,higher
SM1050,Bacterial,337419,454178110,0.000742922,intermediate
SM1000,EukFloat,2570641,322284056,0.007976321,intermediate
SM1001,EukFloat,2807384,449608964,0.006244057,lower
SM1002,EukFloat,3030804,415176654,0.007300035,lower
SM1003,EukFloat,2836505,427614766,0.006633319,intermediate
SM1004,EukFloat,3728636,430040342,0.008670433,higher
SM1005,EukFloat,5709695,355302386,0.01606996,higher
SM1026,EukFloat,1125721,340442088,0.003306645,intermediate
SM1027,EukFloat,1340897,312583086,0.00428973,lower
SM1028,EukFloat,1663198,421745204,0.003943609,lower
SM1029,EukFloat,1672043,342464784,0.004882379,lower
SM1030,EukFloat,3336121,445445244,0.007489408,intermediate
SM1031,EukFloat,2383466,427658846,0.005573288,higher
SM1050,EukFloat,3178666,549439556,0.005785288,intermediate
SM1000,DNA Virome,40081457,119172626,0.336331072,intermediate
SM1001,DNA Virome,1620921,66503964,0.024373299,lower
SM1002,DNA Virome,4565958,92208462,0.049517776,lower
SM1003,DNA Virome,12241969,111410088,0.109882051,intermediate
SM1004,DNA Virome,28337654,122496514,0.231334371,higher
SM1005,DNA Virome,38401454,123729984,0.31036498,higher
SM1026,DNA Virome,9642858,98573304,0.097824234,intermediate
SM1027,DNA Virome,6618062,118493438,0.055851717,lower
SM1028,DNA Virome,16196719,158439672,0.102226411,lower
SM1029,DNA Virome,7314146,118930906,0.061499119,lower
SM1030,DNA Virome,10403513,89929002,0.11568585,intermediate
SM1031,DNA Virome,37634056,130288774,0.288851102,higher
SM1050,DNA Virome,39015794,114515514,0.34070313,intermediate
SM1000,RNA Virome,590746,7354410,0.08032541,intermediate
SM1001,RNA Virome,88977,4917658,0.018093369,lower
SM1002,RNA Virome,925769,5344312,0.173225104,lower
SM1003,RNA Virome,1853654,7969126,0.232604429,intermediate
SM1004,RNA Virome,1958233,13385118,0.146299271,higher
SM1005,RNA Virome,4177852,14181804,0.294592423,higher
SM1026,RNA Virome,1397424,7854524,0.177913264,intermediate
SM1027,RNA Virome,518912,7497370,0.069212537,lower
SM1028,RNA Virome,363904,6811058,0.05342841,lower
SM1029,RNA Virome,580314,6948128,0.083520914,lower
SM1030,RNA Virome,5422776,17293458,0.313573838,intermediate
SM1031,RNA Virome,3193428,12008934,0.265921022,higher
SM1050,RNA Virome,1933896,11407810,0.169523861,intermediate
SM1000,BulkMetaT,2850020,85779320,0.033225024,intermediate
SM1001,BulkMetaT,1122070,80828796,0.013882058,lower
SM1002,BulkMetaT,3181154,152689702,0.02083411,lower
SM1003,BulkMetaT,8889534,164793510,0.053943471,intermediate
SM1004,BulkMetaT,11030269,200390884,0.055043766,higher
SM1005,BulkMetaT,6424343,134865270,0.047635266,higher
SM1026,BulkMetaT,5966275,348242474,0.017132531,intermediate
SM1027,BulkMetaT,1465563,167469504,0.008751223,lower
SM1028,BulkMetaT,2553007,207583026,0.012298727,lower
SM1029,BulkMetaT,3450762,229302222,0.015048969,lower
SM1030,BulkMetaT,6334719,105646138,0.059961671,intermediate
SM1031,BulkMetaT,2866774,96249124,0.029784936,higher
SM1050,BulkMetaT,4065508,136338218,0.029819284,intermediate
SM1000,PolyA,5554903,128293036,0.043298554,intermediate
SM1001,PolyA,1081358,261676808,0.004132418,lower
SM1002,PolyA,3914517,101474852,0.038576228,lower
SM1003,PolyA,15065998,151456298,0.099474226,intermediate
SM1004,PolyA,8256811,135653972,0.06086671,higher
SM1005,PolyA,1095386,113613290,0.009641354,higher
SM1026,PolyA,3199673,243449400,0.013143072,intermediate
SM1027,PolyA,2184142,232810580,0.009381627,lower
SM1028,PolyA,1251201,240674564,0.005198726,lower
SM1029,PolyA,3438043,195230500,0.017610174,lower
SM1030,PolyA,19381799,232761364,0.08326897,intermediate
SM1031,PolyA,1691940,84244082,0.020083785,higher
SM1050,PolyA,2461864,76410988,0.032218717,intermediate