﻿sample_name,lib_id,data_stream,concentration,volume,yield_ng,soil_extracted_g,sample_size_qcnumreads,perc_removed_ribosomal,water_category_soft
SM1000_MG_bacterial,NYYOH,DNA Bacterial,6.46,100,646,20.84,440165978,0,intermediate
SM1002_MG_bacterial,NYYOO,DNA Bacterial,1.98,100,198,20.34,354644416,0,lower
SM1004_MG_bacterial,NYYOS,DNA Bacterial,1.87,100,187,20.45,258354536,0,higher
SM1005_MG_bacterial,NYYOT,DNA Bacterial,5.69,100,569,20.42,544537504,0,higher
SM1028_MG_bacterial,NYYPG,DNA Bacterial,2.45,95,232.75,20,334661778,0,lower
SM1030_MG_bacterial,NYYPN,DNA Bacterial,5.78,95,549.1,20,417285900,0,intermediate
SM1031_MG_bacterial,NYYPO,DNA Bacterial,11.7,95,1111.5,20.02,435021030,0,higher
SM1050_MG_bacterial,NYYPP,DNA Bacterial,5.03,95,477.85,20.12,454178110,0,intermediate
SM1000_MG_fungal,NYYOU,DNA Fungal,30.7,100,3070,0.06,322284056,0,intermediate
SM1001_MG_fungal,NYYOW,DNA Fungal,27.9,100,2790,0.05,449608964,0,lower
SM1002_MG_fungal,NYYOX,DNA Fungal,32,100,3200,0.07,415176654,0,lower
SM1003_MG_fungal,NYYOY,DNA Fungal,11.8,100,1180,0.02,427614766,0,intermediate
SM1004_MG_fungal,NYYOZ,DNA Fungal,11.3,100,1130,NA,430040342,0,higher
SM1005_MG_fungal,NYYPA,DNA Fungal,19.6,100,1960,0.03,355302386,0,higher
SM1026_MG_fungal,NYYPS,DNA Fungal,36.7,95,3486.5,0.099,340442088,0,intermediate
SM1027_MG_fungal,NYYPT,DNA Fungal,31.5,95,2992.5,0.08,312583086,0,lower
SM1028_MG_fungal,NYYPU,DNA Fungal,22.9,95,2175.5,0.093,421745204,0,lower
SM1029_MG_fungal,NYYPW,DNA Fungal,30.1,95,2859.5,0.088,342464784,0,lower
SM1030_MG_fungal,NYYPX,DNA Fungal,28,95,2660,0.144,445445244,0,intermediate
SM1031_MG_fungal,NYYPY,DNA Fungal,33.1,95,3144.5,0.097,427658846,0,higher
SM1050_MG_fungal,NYYPZ,DNA Fungal,21.9,95,2080.5,0.092,549439556,0,intermediate
SM1000_MG_virome,NZAGU,DNA Virome,6.34,40,253.6,20.81,119172626,0,intermediate
SM1001_MG_virome,NZAGW,DNA Virome,OOR,25,NA,20.13,66503964,0,lower
SM1002_MG_virome,NZAGX,DNA Virome,0.0071,25,0.1775,20.13,92208462,0,lower
SM1003_MG_virome,NZAGY,DNA Virome,0.926,40,37.04,20.9,111410088,0,intermediate
SM1004_MG_virome,NZAGZ,DNA Virome,0.582,40,23.28,20.17,122496514,0,higher
SM1005_MG_virome,NZAHA,DNA Virome,1.39,40,55.6,20.68,123729984,0,higher
SM1026_MG_virome,NZAHB,DNA Virome,0.135,45,6.075,20.03,98573304,0,intermediate
SM1027_MG_virome,NZAHC,DNA Virome,0.0312,45,1.404,20.08,118493438,0,lower
SM1028_MG_virome,NZAHG,DNA Virome,0.0592,45,2.664,20,158439672,0,lower
SM1029_MG_virome,NZAHH,DNA Virome,0.0676,45,3.042,20.04,118930906,0,lower
SM1030_MG_virome,NZAHN,DNA Virome,0.117,45,5.265,20.02,89929002,0,intermediate
SM1031_MG_virome,NZAHO,DNA Virome,2.1,45,94.5,20.07,130288774,0,higher
SM1050_MG_virome,NZAHP,DNA Virome,3.35,45,150.75,20,114515514,0,intermediate
SM1000_MT,NZANU,RNA Bulk,21.2,25,530,1.09,85779320,10,intermediate
SM1001_MT,OBNPY,RNA Bulk,8.94,25,223.5,1.085,80828796,12,lower
SM1002_MT,NZANW,RNA Bulk,15,25,375,1.08,152689702,13,lower
SM1003_MT,NZANX,RNA Bulk,20,25,500,1.095,164793510,9,intermediate
SM1004_MT,NZANY,RNA Bulk,19.4,25,485,1.1,200390884,7,higher
SM1005_MT,NZANZ,RNA Bulk,34,25,850,1.08,134865270,25,higher
SM1026_MT,NZANG,RNA Bulk,24,50,1200,1.0465,348242474,15,intermediate
SM1027_MT,NZANH,RNA Bulk,13.4,50,670,1.0195,167469504,8,lower
SM1028_MT,NZANN,RNA Bulk,19.2,50,960,1.0215,207583026,9,lower
SM1029_MT,NZANO,RNA Bulk,22.4,50,1120,1.0275,229302222,8,lower
SM1030_MT,NZANP,RNA Bulk,17.4,50,870,1.013,105646138,8,intermediate
SM1031_MT,NZANS,RNA Bulk,26.8,50,1340,1.026,96249124,10,higher
SM1050_MT,NZANT,RNA Bulk,24.8,50,1240,1.0245,136338218,11,intermediate
SM1000_MT_polyA,NZGYB,RNA PolyA,21.2,25,530,1.09,128293036,12,intermediate
SM1001_MT_polyA,OHHCA,RNA PolyA,8.94,25,223.5,1.085,261676808,8,lower
SM1002_MT_polyA,NZGYC,RNA PolyA,15,25,375,1.08,101474852,10,lower
SM1003_MT_polyA,NZGYG,RNA PolyA,20,25,500,1.095,151456298,5,intermediate
SM1004_MT_polyA,NZGYH,RNA PolyA,19.4,25,485,1.1,135653972,7,higher
SM1005_MT_polyA,NZGYN,RNA PolyA,34,25,850,1.08,113613290,19,higher
SM1026_MT_polyA,NZGXT,RNA PolyA,24,50,1200,1.0465,243449400,10,intermediate
SM1027_MT_polyA,NZGXU,RNA PolyA,13.4,50,670,1.0195,232810580,9,lower
SM1028_MT_polyA,NZGXW,RNA PolyA,19.2,50,960,1.0215,240674564,10,lower
SM1029_MT_polyA,NZGXX,RNA PolyA,22.4,50,1120,1.0275,195230500,10,lower
SM1030_MT_polyA,NZGXY,RNA PolyA,17.4,50,870,1.013,232761364,10,intermediate
SM1031_MT_polyA,NZGXZ,RNA PolyA,26.8,50,1340,1.026,84244082,7,higher
SM1050_MT_polyA,NZGYA,RNA PolyA,24.8,50,1240,1.0245,76410988,7,intermediate
SM1000_MT_virome,NZACW,RNA Virome,0.584,40,23.36,20.81,7354410,87,intermediate
SM1001_MT_virome,NZACX,RNA Virome,OOR,25,NA,20.13,4917658,84,lower
SM1002_MT_virome,NZACY,RNA Virome,0.946,40,37.84,20.13,5344312,91,lower
SM1003_MT_virome,NZACZ,RNA Virome,0.428,40,17.12,20.9,7969126,81,intermediate
SM1004_MT_virome,NZAGA,RNA Virome,0.44,40,17.6,20.17,13385118,87,higher
SM1005_MT_virome,NZAGB,RNA Virome,0.42,40,16.8,20.68,14181804,87,higher
SM1026_MT_virome,NZAGC,RNA Virome,1.83,120,219.6,20.03,7854524,92,intermediate
SM1027_MT_virome,NZAGG,RNA Virome,0.968,120,116.16,20.08,7497370,91,lower
SM1028_MT_virome,NZAGH,RNA Virome,1.39,120,166.8,20,6811058,93,lower
SM1029_MT_virome,NZAGN,RNA Virome,2.7,120,324,20.04,6948128,91,lower
SM1030_MT_virome,NZAGO,RNA Virome,1.44,120,172.8,20.02,17293458,89,intermediate
SM1031_MT_virome,NZAGP,RNA Virome,4.18,120,501.6,20.07,12008934,91,higher
SM1050_MT_virome,NZAGS,RNA Virome,3.88,120,465.6,20,11407810,91,intermediate