gene_id	scaffold_id	length	SM1000_MT	SM1000_MT_rnaseq_expression	SM1001_MT	SM1001_MT_rnaseq_expression	SM1002_MT	SM1002_MT_rnaseq_expression	SM1005_MT	SM1005_MT_rnaseq_expression	SM1026_MT	SM1026_MT_rnaseq_expression	SM1027_MT	SM1027_MT_rnaseq_expression	SM1028_MT	SM1028_MT_rnaseq_expression	SM1030_MT	SM1030_MT_rnaseq_expression	SM1029_MT	SM1029_MT_rnaseq_expression	SM1031_MT	SM1031_MT_rnaseq_expression	SM1050_MT	SM1050_MT_rnaseq_expression	SM1003_MT	SM1003_MT_rnaseq_expression	SM1004_MT	SM1004_MT_rnaseq_expression
SM1000_polyA_metaT_scaffold_11668_c1_1	SM1000_polyA_metaT_scaffold_11668_c1	525	0	0	0	0	0	0	0	0	0	0	0	0	0	0	0	0	0	0	0	0	0	0	0	0	0	0
SM1000_polyA_metaT_scaffold_1177_c1_1	SM1000_polyA_metaT_scaffold_1177_c1	1074	0	0	0	0	0	0	0	0	0	0	0	0	0	0	0	0	0	0	0	0	0	0	0	0	0	0
SM1000_polyA_metaT_scaffold_12_c1_1	SM1000_polyA_metaT_scaffold_12_c1	8316	64452	0	0	0	0	0	0	0	0	0	0	0	0	0	0	0	0	0	0	0	0	0	0	0	0	0
SM1000_polyA_metaT_scaffold_13761_c1_1	SM1000_polyA_metaT_scaffold_13761_c1	501	273	0	0	0	0	0	0	0	0	0	0	0	0	0	0	0	0	0	0	0	0	0	0	0	0	0
SM1000_polyA_metaT_scaffold_14_c1_2	SM1000_polyA_metaT_scaffold_14_c1	4713	9117	0	0	0	0	0	1196	0	34335	0	0	0	0	0	0	0	0	0	0	0	0	0	0	0	0	0
SM1000_polyA_metaT_scaffold_16_c1_2	SM1000_polyA_metaT_scaffold_16_c1	3978	1462	0	0	0	838	0	0	0	0	0	0	0	618	0	0	0	0	0	258	0	0	0	0	0	0	0
SM1000_polyA_metaT_scaffold_17812_c1_1	SM1000_polyA_metaT_scaffold_17812_c1	465	36	0	0	0	0	0	0	0	0	0	0	0	0	0	0	0	0	0	0	0	0	0	0	0	0	0
SM1000_polyA_metaT_scaffold_18577_c1_1	SM1000_polyA_metaT_scaffold_18577_c1	459	0	0	0	0	0	0	0	0	0	0	0	0	0	0	0	0	0	0	0	0	0	0	0	0	0	0
SM1000_polyA_metaT_scaffold_1_c1_2	SM1000_polyA_metaT_scaffold_1_c1	8469	16892	0	0	0	0	0	0	0	4581	0	0	0	0	0	0	0	2775	0	0	0	396	0	608	0	0	0
SM1000_polyA_metaT_scaffold_21_c1_2	SM1000_polyA_metaT_scaffold_21_c1	2607	556	0	0	0	0	0	0	0	0	0	0	0	0	0	0	0	0	0	0	0	0	0	0	0	0	0
SM1000_polyA_metaT_scaffold_22985_c1_1	SM1000_polyA_metaT_scaffold_22985_c1	429	0	0	0	0	0	0	0	0	0	0	0	0	0	0	0	0	0	0	0	0	0	0	0	0	0	0
SM1000_polyA_metaT_scaffold_22_c1_3	SM1000_polyA_metaT_scaffold_22_c1	2145	12056	0	0	0	0	0	0	0	0	0	0	0	0	0	0	0	0	0	0	0	0	0	0	0	0	0
SM1000_polyA_metaT_scaffold_247_c1_1	SM1000_polyA_metaT_scaffold_247_c1	1647	0	0	0	0	0	0	0	0	0	0	0	0	0	0	0	0	0	0	0	0	0	0	0	0	0	0
SM1000_polyA_metaT_scaffold_24_c1_3	SM1000_polyA_metaT_scaffold_24_c1	2175	470	0	0	0	0	0	0	0	0	0	0	0	0	0	0	0	0	0	237	0	0	0	0	0	0	0
SM1000_polyA_metaT_scaffold_25_c1_2	SM1000_polyA_metaT_scaffold_25_c1	2091	578	0	0	0	0	0	0	0	0	0	0	0	0	0	0	0	0	0	0	0	108	0	0	0	0	0
SM1000_polyA_metaT_scaffold_29_c1_1	SM1000_polyA_metaT_scaffold_29_c1	927	2909	0	0	0	0	0	0	0	1330	0	0	0	0	0	0	0	236	0	0	0	0	0	0	0	0	0
SM1000_polyA_metaT_scaffold_30_c1_1	SM1000_polyA_metaT_scaffold_30_c1	4005	359	0	0	0	0	0	0	0	0	0	0	0	0	0	380	0	0	0	0	0	0	0	0	0	245	0
SM1000_polyA_metaT_scaffold_32_c1_2	SM1000_polyA_metaT_scaffold_32_c1	3054	895	0	0	0	0	0	0	0	0	0	0	0	0	0	0	0	0	0	0	0	0	0	0	0	0	0
SM1000_polyA_metaT_scaffold_34_c1_2	SM1000_polyA_metaT_scaffold_34_c1	546	350	0	0	0	0	0	0	0	0	0	0	0	0	0	0	0	0	0	0	0	0	0	0	0	0	0
SM1000_polyA_metaT_scaffold_35_c1_2	SM1000_polyA_metaT_scaffold_35_c1	621	21	0	0	0	0	0	0	0	0	0	0	0	0	0	0	0	0	0	0	0	0	0	0	0	0	0
SM1000_polyA_metaT_scaffold_3_c1_1	SM1000_polyA_metaT_scaffold_3_c1	5910	51919	0	246	0	1700	0	0	0	1235	0	0	0	1267	0	0	0	4791	0	0	0	0	0	0	0	0	0
SM1000_polyA_metaT_scaffold_41_c1_1	SM1000_polyA_metaT_scaffold_41_c1	3054	1801	0	0	0	0	0	0	0	0	0	0	0	0	0	0	0	0	0	0	0	0	0	0	0	0	0
SM1000_polyA_metaT_scaffold_440_c1_1	SM1000_polyA_metaT_scaffold_440_c1	1374	94	0	0	0	0	0	0	0	0	0	0	0	0	0	0	0	0	0	0	0	0	0	0	0	0	0
SM1000_polyA_metaT_scaffold_4768_c1_1	SM1000_polyA_metaT_scaffold_4768_c1	696	0	0	0	0	0	0	0	0	0	0	0	0	0	0	0	0	0	0	0	0	0	0	0	0	0	0
SM1000_polyA_metaT_scaffold_4_c1_2	SM1000_polyA_metaT_scaffold_4_c1	5385	10657	0	0	0	0	0	0	0	0	0	0	0	0	0	0	0	0	0	0	0	0	0	0	0	0	0
SM1000_polyA_metaT_scaffold_5_c1_2	SM1000_polyA_metaT_scaffold_5_c1	5472	87414	152	0	0	0	0	0	0	2478	0	0	0	0	0	0	0	0	0	0	0	1183	0	19629	0	0	0
SM1000_polyA_metaT_scaffold_63_c1_1	SM1000_polyA_metaT_scaffold_63_c1	2232	2565	0	88	0	0	0	0	0	757	0	496	0	0	0	0	0	0	0	0	0	0	0	0	0	0	0
SM1000_polyA_metaT_scaffold_65_c1_2	SM1000_polyA_metaT_scaffold_65_c1	1593	435	0	0	0	0	0	0	0	0	0	0	0	0	0	0	0	0	0	0	0	0	0	0	0	0	0
SM1000_polyA_metaT_scaffold_6_c1_2	SM1000_polyA_metaT_scaffold_6_c1	5691	23865	0	0	0	0	0	0	0	36306	0	0	0	0	0	0	0	0	0	0	0	782	0	1302	0	0	0
SM1000_polyA_metaT_scaffold_8958_c1_1	SM1000_polyA_metaT_scaffold_8958_c1	570	2904	0	0	0	0	0	0	0	0	0	0	0	861	0	0	0	0	0	0	0	0	0	0	0	0	0
SM1000_polyA_metaT_scaffold_8_c1_2	SM1000_polyA_metaT_scaffold_8_c1	5778	93449	0	0	0	0	0	0	0	6867	0	0	0	0	0	0	0	0	0	0	0	0	0	0	0	0	0
SM1000_polyA_metaT_scaffold_9_c1_3	SM1000_polyA_metaT_scaffold_9_c1	5343	20518	0	0	0	0	0	0	0	0	0	0	0	0	0	0	0	0	0	0	0	878	0	261	0	0	0
SM1002_polyA_metaT_scaffold_1083_c1_1	SM1002_polyA_metaT_scaffold_1083_c1	1011	0	0	0	0	0	0	0	0	0	0	0	0	0	0	0	0	0	0	0	0	0	0	0	0	0	0
SM1002_polyA_metaT_scaffold_113_c1_1	SM1002_polyA_metaT_scaffold_113_c1	1749	0	0	0	0	516	0	0	0	0	0	0	0	0	0	0	0	0	0	0	0	0	0	0	0	0	0
SM1002_polyA_metaT_scaffold_11_c1_2	SM1002_polyA_metaT_scaffold_11_c1	3393	0	0	0	0	21021	0	0	0	0	0	0	0	0	0	0	0	0	0	0	0	0	0	0	0	0	0
SM1002_polyA_metaT_scaffold_1311_c1_1	SM1002_polyA_metaT_scaffold_1311_c1	963	0	0	0	0	165	0	0	0	0	0	0	0	0	0	0	0	0	0	0	0	0	0	0	0	0	0
SM1002_polyA_metaT_scaffold_13912_c1_1	SM1002_polyA_metaT_scaffold_13912_c1	459	0	0	0	0	1018	0	0	0	0	0	0	0	0	0	0	0	0	0	0	0	0	0	0	0	0	0
SM1002_polyA_metaT_scaffold_152_c1_1	SM1002_polyA_metaT_scaffold_152_c1	1725	0	0	0	0	165	0	0	0	0	0	0	0	0	0	0	0	0	0	0	0	0	0	0	0	0	0
SM1002_polyA_metaT_scaffold_1544_c1_1	SM1002_polyA_metaT_scaffold_1544_c1	918	0	0	0	0	1807	0	0	0	0	0	0	0	0	0	0	0	0	0	0	0	0	0	0	0	0	0
SM1002_polyA_metaT_scaffold_15959_c1_1	SM1002_polyA_metaT_scaffold_15959_c1	441	0	0	15	0	117	0	0	0	0	0	0	0	0	0	0	0	0	0	0	0	0	0	0	0	0	0
SM1002_polyA_metaT_scaffold_15_c1_1	SM1002_polyA_metaT_scaffold_15_c1	864	0	0	0	0	0	0	0	0	0	0	0	0	0	0	0	0	0	0	0	0	0	0	0	0	0	0
SM1002_polyA_metaT_scaffold_17_c1_1	SM1002_polyA_metaT_scaffold_17_c1	702	0	0	0	0	2008	0	0	0	0	0	0	0	0	0	0	0	0	0	0	0	0	0	0	0	0	0
SM1002_polyA_metaT_scaffold_22718_c1_1	SM1002_polyA_metaT_scaffold_22718_c1	393	588	0	0	0	5857	0	905	0	1627	0	0	0	170	0	0	0	0	0	358	0	99	0	0	0	0	0
SM1002_polyA_metaT_scaffold_22_c1_3	SM1002_polyA_metaT_scaffold_22_c1	2196	0	0	0	0	372	0	0	0	0	0	0	0	0	0	0	0	0	0	0	0	0	0	0	0	0	0
SM1002_polyA_metaT_scaffold_24_c1_6	SM1002_polyA_metaT_scaffold_24_c1	861	0	0	0	0	276	0	0	0	0	0	0	0	0	0	0	0	0	0	0	0	0	0	0	0	0	0
SM1002_polyA_metaT_scaffold_353_c1_1	SM1002_polyA_metaT_scaffold_353_c1	1377	0	0	0	0	209	0	0	0	0	0	0	0	0	0	0	0	0	0	0	0	0	0	0	0	0	0
SM1002_polyA_metaT_scaffold_36248_c1_1	SM1002_polyA_metaT_scaffold_36248_c1	336	0	0	0	0	2114	34	0	0	0	0	0	0	0	0	0	0	160	0	0	0	0	0	0	0	0	0
SM1002_polyA_metaT_scaffold_381_c1_1	SM1002_polyA_metaT_scaffold_381_c1	1275	0	0	0	0	778	0	0	0	0	0	0	0	0	0	0	0	0	0	0	0	0	0	0	0	0	0
SM1002_polyA_metaT_scaffold_4_c1_1	SM1002_polyA_metaT_scaffold_4_c1	3894	0	0	0	0	16309	0	0	0	0	0	0	0	747	0	0	0	0	0	0	0	0	0	0	0	0	0
SM1002_polyA_metaT_scaffold_56_c1_1	SM1002_polyA_metaT_scaffold_56_c1	1563	0	0	0	0	339	0	0	0	0	0	0	0	0	0	0	0	0	0	0	0	0	0	0	0	0	0
SM1002_polyA_metaT_scaffold_5_c1_3	SM1002_polyA_metaT_scaffold_5_c1	3825	0	0	0	0	21051	0	0	0	0	0	0	0	936	0	0	0	0	0	0	0	0	0	0	0	0	0
SM1002_polyA_metaT_scaffold_6_c1_1	SM1002_polyA_metaT_scaffold_6_c1	3798	0	0	68	0	22904	0	0	0	0	0	0	0	0	0	0	0	0	0	0	0	0	0	0	0	0	0
SM1002_polyA_metaT_scaffold_72_c1_3	SM1002_polyA_metaT_scaffold_72_c1	1449	0	0	0	0	397	0	0	0	0	0	0	0	0	0	0	0	0	0	0	0	0	0	0	0	0	0
SM1002_polyA_metaT_scaffold_8727_c1_1	SM1002_polyA_metaT_scaffold_8727_c1	534	0	0	0	0	21	0	0	0	0	0	0	0	0	0	0	0	0	0	0	0	0	0	0	0	0	0
SM1002_polyA_metaT_scaffold_9_c1_1	SM1002_polyA_metaT_scaffold_9_c1	1902	0	0	0	0	24546	0	0	0	0	0	0	0	0	0	0	0	0	0	0	0	0	0	0	0	0	0
SM1003_polyA_metaT_scaffold_10346_c1_1	SM1003_polyA_metaT_scaffold_10346_c1	990	0	0	0	0	0	0	0	0	0	0	0	0	0	0	0	0	0	0	0	0	0	0	0	0	0	0
SM1003_polyA_metaT_scaffold_103513_c1_1	SM1003_polyA_metaT_scaffold_103513_c1	396	0	0	0	0	0	0	0	0	0	0	0	0	0	0	0	0	0	0	0	0	0	0	26	0	24	0
SM1003_polyA_metaT_scaffold_107_c1_1	SM1003_polyA_metaT_scaffold_107_c1	3018	0	0	0	0	0	0	0	0	0	0	0	0	0	0	0	0	0	0	0	0	0	0	387	0	0	0
SM1003_polyA_metaT_scaffold_109422_c1_1	SM1003_polyA_metaT_scaffold_109422_c1	387	0	0	0	0	0	0	0	0	0	0	0	0	0	0	0	0	0	0	0	0	0	0	0	0	0	0
SM1003_polyA_metaT_scaffold_10_c1_2	SM1003_polyA_metaT_scaffold_10_c1	3759	0	0	0	0	0	0	0	0	0	0	0	0	0	0	0	0	0	0	0	0	0	0	38977	0	472	0
SM1003_polyA_metaT_scaffold_11_c1_1	SM1003_polyA_metaT_scaffold_11_c1	3096	0	0	0	0	0	0	0	0	0	0	0	0	0	0	0	0	0	0	0	0	0	0	29356	0	0	0
SM1003_polyA_metaT_scaffold_12_c1_1	SM1003_polyA_metaT_scaffold_12_c1	3048	0	0	0	0	0	0	0	0	0	0	0	0	0	0	0	0	0	0	0	0	0	0	2185	0	0	0
SM1003_polyA_metaT_scaffold_1313_c1_1	SM1003_polyA_metaT_scaffold_1313_c1	1419	0	0	0	0	0	0	0	0	0	0	0	0	0	0	0	0	0	0	0	0	0	0	70	0	71	0
SM1003_polyA_metaT_scaffold_143_c1_2	SM1003_polyA_metaT_scaffold_143_c1	2475	0	0	0	0	0	0	218	0	0	0	0	0	0	0	0	0	0	0	0	0	0	0	1250	0	0	0
SM1003_polyA_metaT_scaffold_15194_c1_1	SM1003_polyA_metaT_scaffold_15194_c1	852	0	0	0	0	0	0	0	0	0	0	72	0	0	0	0	0	0	0	0	0	0	0	38	0	44	0
SM1003_polyA_metaT_scaffold_15475_c1_1	SM1003_polyA_metaT_scaffold_15475_c1	846	0	0	0	0	0	0	0	0	0	0	0	0	0	0	0	0	0	0	0	0	0	0	0	0	0	0
SM1003_polyA_metaT_scaffold_1561_c1_1	SM1003_polyA_metaT_scaffold_1561_c1	1614	0	0	0	0	0	0	0	0	0	0	0	0	0	0	0	0	0	0	0	0	0	0	423	0	0	0
SM1003_polyA_metaT_scaffold_16291_c1_1	SM1003_polyA_metaT_scaffold_16291_c1	828	0	0	0	0	0	0	0	0	0	0	0	0	0	0	0	0	0	0	0	0	0	0	257	0	0	0
SM1003_polyA_metaT_scaffold_165611_c1_1	SM1003_polyA_metaT_scaffold_165611_c1	330	0	0	0	0	0	0	0	0	0	0	0	0	0	0	0	0	0	0	0	0	0	0	0	0	0	0
SM1003_polyA_metaT_scaffold_169763_c1_1	SM1003_polyA_metaT_scaffold_169763_c1	324	0	0	0	0	0	0	0	0	0	0	0	0	0	0	0	0	0	0	0	0	0	0	0	0	0	0
SM1003_polyA_metaT_scaffold_17_c1_2	SM1003_polyA_metaT_scaffold_17_c1	1533	0	0	0	0	0	0	0	0	0	0	0	0	0	0	0	0	0	0	0	0	0	0	4273	0	0	0
SM1003_polyA_metaT_scaffold_18_c1_2	SM1003_polyA_metaT_scaffold_18_c1	2148	0	0	0	0	0	0	0	0	0	0	0	0	0	0	0	0	0	0	0	0	0	0	164	0	0	0
SM1003_polyA_metaT_scaffold_1_c1_1	SM1003_polyA_metaT_scaffold_1_c1	6900	0	0	0	0	0	0	0	0	4226	0	0	0	0	0	0	0	0	0	0	0	0	0	67616	0	0	0
SM1003_polyA_metaT_scaffold_21_c1_2	SM1003_polyA_metaT_scaffold_21_c1	4359	425	0	0	0	0	0	0	0	0	0	1235	0	0	0	0	0	0	0	0	0	0	0	562	0	729	0
SM1003_polyA_metaT_scaffold_23_c1_1	SM1003_polyA_metaT_scaffold_23_c1	4878	733	0	0	0	0	0	511	0	2416	0	1198	0	0	0	0	0	0	0	0	0	0	0	1278	0	1170	0
SM1003_polyA_metaT_scaffold_2407_c1_2	SM1003_polyA_metaT_scaffold_2407_c1	747	0	0	0	0	0	0	69	0	0	0	0	0	0	0	0	0	86	0	0	0	0	0	0	0	0	0
SM1003_polyA_metaT_scaffold_25399_c1_1	SM1003_polyA_metaT_scaffold_25399_c1	693	53	0	0	0	0	0	0	0	238	0	0	0	0	0	0	0	0	0	0	0	0	0	230	0	0	0
SM1003_polyA_metaT_scaffold_25_c1_3	SM1003_polyA_metaT_scaffold_25_c1	1821	0	0	0	0	0	0	1182	0	0	0	0	0	0	0	127	0	0	0	0	0	0	0	2160	0	183	0
SM1003_polyA_metaT_scaffold_2694_c1_1	SM1003_polyA_metaT_scaffold_2694_c1	1518	0	0	0	0	0	0	0	0	0	0	0	0	0	0	0	0	0	0	0	0	0	0	0	0	0	0
SM1003_polyA_metaT_scaffold_27046_c1_1	SM1003_polyA_metaT_scaffold_27046_c1	678	0	0	0	0	0	0	0	0	0	0	0	0	0	0	0	0	0	0	0	0	44	0	56610	98	0	0
SM1003_polyA_metaT_scaffold_29_c1_1	SM1003_polyA_metaT_scaffold_29_c1	4497	0	0	0	0	0	0	0	0	0	0	0	0	0	0	0	0	0	0	0	0	0	0	1339	0	783	0
SM1003_polyA_metaT_scaffold_30_c1_2	SM1003_polyA_metaT_scaffold_30_c1	1470	75	0	0	0	0	0	0	0	0	0	0	0	0	0	0	0	0	0	0	0	0	0	1380	0	0	0
SM1003_polyA_metaT_scaffold_32_c1_4	SM1003_polyA_metaT_scaffold_32_c1	3186	0	0	0	0	0	0	0	0	0	0	0	0	0	0	0	0	0	0	0	0	0	0	0	0	0	0
SM1003_polyA_metaT_scaffold_34_c1_2	SM1003_polyA_metaT_scaffold_34_c1	1275	152	0	61	0	0	0	0	0	333	0	383	0	0	0	173	0	0	0	0	0	0	0	753	0	391	0
SM1003_polyA_metaT_scaffold_37_c1_1	SM1003_polyA_metaT_scaffold_37_c1	1341	0	0	0	0	0	0	0	0	0	0	0	0	0	0	0	0	0	0	0	0	0	0	50	0	0	0
SM1003_polyA_metaT_scaffold_3_c1_2	SM1003_polyA_metaT_scaffold_3_c1	5106	0	0	0	0	0	0	0	0	0	0	0	0	0	0	0	0	0	0	0	0	0	0	12276	0	0	0
SM1003_polyA_metaT_scaffold_40152_c1_1	SM1003_polyA_metaT_scaffold_40152_c1	576	0	0	0	0	0	0	0	0	0	0	32	0	0	0	0	0	0	0	0	0	0	0	0	0	0	0
SM1003_polyA_metaT_scaffold_45855_c1_1	SM1003_polyA_metaT_scaffold_45855_c1	549	0	0	0	0	0	0	0	0	0	0	0	0	0	0	0	0	0	0	0	0	0	0	0	0	0	0
SM1003_polyA_metaT_scaffold_48812_c1_1	SM1003_polyA_metaT_scaffold_48812_c1	510	0	0	0	0	0	0	0	0	494	0	0	0	0	0	0	0	0	0	0	0	0	0	0	0	0	0
SM1003_polyA_metaT_scaffold_4_c1_1	SM1003_polyA_metaT_scaffold_4_c1	5382	1041	0	0	0	0	0	1167	0	5737	0	1780	0	0	0	0	0	0	0	0	0	0	0	849	0	966	0
SM1003_polyA_metaT_scaffold_5329_c1_3	SM1003_polyA_metaT_scaffold_5329_c1	690	23	0	9	0	0	0	0	0	0	0	0	0	0	0	0	0	0	0	0	0	0	0	0	0	34	0
SM1003_polyA_metaT_scaffold_5807_c1_2	SM1003_polyA_metaT_scaffold_5807_c1	1071	0	0	0	0	0	0	0	0	0	0	0	0	0	0	0	0	0	0	0	0	0	0	405	0	0	0
SM1003_polyA_metaT_scaffold_58614_c1_1	SM1003_polyA_metaT_scaffold_58614_c1	498	57	0	0	0	0	0	0	0	0	0	149	0	0	0	28	0	0	0	0	0	0	0	77	0	65	0
SM1003_polyA_metaT_scaffold_59303_c1_1	SM1003_polyA_metaT_scaffold_59303_c1	495	35	0	0	0	0	0	0	0	0	0	0	0	0	0	0	0	0	0	11	0	0	0	60	0	22	0
SM1003_polyA_metaT_scaffold_6771_c1_1	SM1003_polyA_metaT_scaffold_6771_c1	1146	0	0	0	0	0	0	0	0	0	0	0	0	0	0	0	0	0	0	0	0	0	0	0	0	0	0
SM1003_polyA_metaT_scaffold_6937_c1_1	SM1003_polyA_metaT_scaffold_6937_c1	1137	30	0	0	0	0	0	0	0	0	0	182	0	0	0	0	0	0	0	0	0	0	0	132	0	52	0
SM1003_polyA_metaT_scaffold_70922_c1_1	SM1003_polyA_metaT_scaffold_70922_c1	462	0	0	0	0	0	0	0	0	0	0	0	0	0	0	0	0	0	0	0	0	0	0	0	0	0	0
SM1003_polyA_metaT_scaffold_78628_c1_1	SM1003_polyA_metaT_scaffold_78628_c1	444	0	0	0	0	0	0	0	0	0	0	0	0	0	0	0	0	0	0	0	0	0	0	0	0	0	0
SM1003_polyA_metaT_scaffold_855_c1_1	SM1003_polyA_metaT_scaffold_855_c1	1824	0	0	0	0	0	0	0	0	0	0	0	0	0	0	0	0	0	0	0	0	0	0	998	0	0	0
SM1003_polyA_metaT_scaffold_87475_c1_1	SM1003_polyA_metaT_scaffold_87475_c1	426	0	0	0	0	0	0	0	0	0	0	0	0	0	0	0	0	0	0	0	0	0	0	0	0	0	0
SM1003_polyA_metaT_scaffold_8_c1_4	SM1003_polyA_metaT_scaffold_8_c1	4176	0	0	0	0	0	0	0	0	0	0	0	0	0	0	0	0	0	0	0	0	0	0	2099	0	0	0
SM1003_polyA_metaT_scaffold_90208_c1_1	SM1003_polyA_metaT_scaffold_90208_c1	420	0	0	0	0	14	0	0	0	0	0	0	0	0	0	23	0	0	0	29	0	0	0	607	0	18	0
SM1003_polyA_metaT_scaffold_95_c1_2	SM1003_polyA_metaT_scaffold_95_c1	834	0	0	0	0	0	0	0	0	0	0	0	0	0	0	178	0	0	0	0	0	0	0	461	0	522	0
SM1004_polyA_metaT_scaffold_102670_c1_1	SM1004_polyA_metaT_scaffold_102670_c1	387	0	0	0	0	0	0	0	0	0	0	0	0	0	0	0	0	0	0	0	0	0	0	0	0	0	0
SM1004_polyA_metaT_scaffold_105291_c1_1	SM1004_polyA_metaT_scaffold_105291_c1	381	0	0	0	0	0	0	0	0	0	0	0	0	0	0	0	0	0	0	0	0	0	0	0	0	160328	405
SM1004_polyA_metaT_scaffold_10_c1_2	SM1004_polyA_metaT_scaffold_10_c1	5316	0	0	0	0	0	0	0	0	0	0	0	0	0	0	0	0	0	0	0	0	0	0	0	0	16490	0
SM1004_polyA_metaT_scaffold_12_c1_3	SM1004_polyA_metaT_scaffold_12_c1	4587	0	0	0	0	0	0	0	0	0	0	0	0	0	0	0	0	0	0	0	0	0	0	0	0	2433	0
SM1004_polyA_metaT_scaffold_13_c1_1	SM1004_polyA_metaT_scaffold_13_c1	4854	0	0	0	0	0	0	0	0	0	0	0	0	0	0	481	0	14993	0	0	0	0	0	0	0	4367	0
SM1004_polyA_metaT_scaffold_148562_c1_1	SM1004_polyA_metaT_scaffold_148562_c1	336	0	0	0	0	0	0	0	0	0	0	0	0	0	0	0	0	0	0	0	0	0	0	0	0	26	0
SM1004_polyA_metaT_scaffold_15330_c1_1	SM1004_polyA_metaT_scaffold_15330_c1	738	0	0	0	0	209	0	48644	258	0	0	0	0	0	0	19666	153	0	0	63570	996	5534	44	11401	0	421720	2219
SM1004_polyA_metaT_scaffold_154118_c1_1	SM1004_polyA_metaT_scaffold_154118_c1	330	0	0	0	0	0	0	0	0	0	0	0	0	0	0	0	0	0	0	0	0	0	0	0	0	0	0
SM1004_polyA_metaT_scaffold_15_c1_2	SM1004_polyA_metaT_scaffold_15_c1	1641	0	0	0	0	0	0	0	0	5468	0	0	0	0	0	135	0	0	0	0	0	0	0	0	0	12005	0
SM1004_polyA_metaT_scaffold_17353_c1_1	SM1004_polyA_metaT_scaffold_17353_c1	687	0	0	0	0	0	0	0	0	0	0	0	0	0	0	0	0	0	0	0	0	0	0	0	0	42	0
SM1004_polyA_metaT_scaffold_176778_c1_1	SM1004_polyA_metaT_scaffold_176778_c1	309	0	0	0	0	0	0	0	0	0	0	0	0	0	0	0	0	0	0	0	0	0	0	15	0	7	0
SM1004_polyA_metaT_scaffold_18_c1_1	SM1004_polyA_metaT_scaffold_18_c1	2442	0	0	0	0	0	0	0	0	0	0	0	0	0	0	0	0	0	0	0	0	0	0	0	0	2650	0
SM1004_polyA_metaT_scaffold_19_c1_1	SM1004_polyA_metaT_scaffold_19_c1	1974	0	0	0	0	0	0	0	0	0	0	0	0	0	0	1072	0	0	0	0	0	0	0	0	0	4037	0
SM1004_polyA_metaT_scaffold_2180_c1_1	SM1004_polyA_metaT_scaffold_2180_c1	1440	0	0	0	0	0	0	2489	0	0	0	0	0	0	0	0	0	0	0	0	0	0	0	220	0	2947	0
SM1004_polyA_metaT_scaffold_22_c1_1	SM1004_polyA_metaT_scaffold_22_c1	1413	1539	0	0	0	0	0	3863	0	1947	0	440	0	822	0	0	0	0	0	2765	0	231	0	425	0	421	0
SM1004_polyA_metaT_scaffold_2660_c1_1	SM1004_polyA_metaT_scaffold_2660_c1	669	114	0	0	0	0	0	0	0	0	0	0	0	0	0	0	0	0	0	0	0	0	0	0	0	86	0
SM1004_polyA_metaT_scaffold_26823_c1_1	SM1004_polyA_metaT_scaffold_26823_c1	630	0	0	0	0	0	0	0	0	0	0	0	0	0	0	0	0	0	0	0	0	0	0	0	0	35	0
SM1004_polyA_metaT_scaffold_2743_c1_1	SM1004_polyA_metaT_scaffold_2743_c1	1152	0	0	0	0	516	0	96828	522	0	0	0	0	0	0	37340	173	0	0	124518	931	7453	0	18646	70	777229	3392
SM1004_polyA_metaT_scaffold_2787_c1_1	SM1004_polyA_metaT_scaffold_2787_c1	1353	0	0	0	0	0	0	0	0	0	0	0	0	0	0	0	0	0	0	0	0	0	0	0	0	172	0
SM1004_polyA_metaT_scaffold_28_c1_1	SM1004_polyA_metaT_scaffold_28_c1	1767	0	0	0	0	0	0	0	0	0	0	0	0	0	0	183	0	0	0	0	0	0	0	0	0	1255	0
SM1004_polyA_metaT_scaffold_29_c1_2	SM1004_polyA_metaT_scaffold_29_c1	2979	0	0	0	0	0	0	0	0	0	0	0	0	0	0	823	0	0	0	0	0	0	0	0	0	14241	0
SM1004_polyA_metaT_scaffold_2_c1_1	SM1004_polyA_metaT_scaffold_2_c1	6906	0	0	0	0	0	0	581	0	0	0	0	0	0	0	28468	0	0	0	0	0	0	0	0	0	10334	0
SM1004_polyA_metaT_scaffold_312_c1_1	SM1004_polyA_metaT_scaffold_312_c1	2313	0	0	0	0	0	0	0	0	0	0	0	0	0	0	0	0	0	0	0	0	0	0	0	0	0	0
SM1004_polyA_metaT_scaffold_32616_c1_1	SM1004_polyA_metaT_scaffold_32616_c1	588	12	0	0	0	0	0	0	0	0	0	0	0	0	0	0	0	0	0	0	0	0	0	19	0	41	0
SM1004_polyA_metaT_scaffold_34887_c1_1	SM1004_polyA_metaT_scaffold_34887_c1	573	0	0	0	0	0	0	0	0	0	0	0	0	0	0	2624	0	0	0	0	0	0	0	0	0	19278	0
SM1004_polyA_metaT_scaffold_41_c1_2	SM1004_polyA_metaT_scaffold_41_c1	1083	533	0	21	0	248	0	0	0	1676	0	295	0	0	0	279	0	0	0	0	0	207	0	970	0	5870	0
SM1004_polyA_metaT_scaffold_46489_c1_1	SM1004_polyA_metaT_scaffold_46489_c1	519	0	0	0	0	0	0	0	0	0	0	0	0	0	0	0	0	0	0	0	0	0	0	0	0	0	0
SM1004_polyA_metaT_scaffold_49553_c1_1	SM1004_polyA_metaT_scaffold_49553_c1	507	0	0	0	0	0	0	0	0	0	0	0	0	0	0	0	0	0	0	0	0	0	0	0	0	0	0
SM1004_polyA_metaT_scaffold_4_c1_1	SM1004_polyA_metaT_scaffold_4_c1	6186	0	0	0	0	0	0	0	0	0	0	0	0	0	0	0	0	0	0	0	0	0	0	0	0	45738	0
SM1004_polyA_metaT_scaffold_57792_c1_1	SM1004_polyA_metaT_scaffold_57792_c1	477	0	0	0	0	0	0	0	0	0	0	0	0	0	0	0	0	0	0	0	0	0	0	0	0	0	0
SM1004_polyA_metaT_scaffold_5856_c1_1	SM1004_polyA_metaT_scaffold_5856_c1	1083	0	0	0	0	0	0	0	0	0	0	0	0	0	0	0	0	0	0	0	0	0	0	0	0	0	0
SM1004_polyA_metaT_scaffold_58_c1_2	SM1004_polyA_metaT_scaffold_58_c1	810	0	0	0	0	0	0	0	0	0	0	0	0	0	0	0	0	0	0	0	0	0	0	0	0	204	0
SM1004_polyA_metaT_scaffold_595_c1_1	SM1004_polyA_metaT_scaffold_595_c1	1977	0	0	0	0	0	0	0	0	0	0	0	0	0	0	0	0	0	0	0	0	0	0	0	0	319	0
SM1004_polyA_metaT_scaffold_5_c1_3	SM1004_polyA_metaT_scaffold_5_c1	5766	0	0	0	0	0	0	0	0	0	0	0	0	0	0	1185226	319	0	0	0	0	827314	237	2579558	681	2339481	748
SM1004_polyA_metaT_scaffold_64437_c1_1	SM1004_polyA_metaT_scaffold_64437_c1	459	0	0	0	0	0	0	0	0	0	0	0	0	0	0	0	0	0	0	0	0	0	0	0	0	38	0
SM1004_polyA_metaT_scaffold_6936_c1_1	SM1004_polyA_metaT_scaffold_6936_c1	900	0	0	0	0	0	0	0	0	0	0	0	0	0	0	0	0	0	0	0	0	0	0	0	0	4056	0
SM1004_polyA_metaT_scaffold_78_c1_1	SM1004_polyA_metaT_scaffold_78_c1	2754	0	0	0	0	0	0	0	0	0	0	0	0	0	0	0	0	0	0	0	0	0	0	0	0	711	0
SM1004_polyA_metaT_scaffold_7_c1_2	SM1004_polyA_metaT_scaffold_7_c1	5151	0	0	0	0	0	0	0	0	0	0	0	0	0	0	417543	0	0	0	0	0	0	0	140898	0	43057	0
SM1004_polyA_metaT_scaffold_82885_c1_1	SM1004_polyA_metaT_scaffold_82885_c1	417	0	0	0	0	4372	0	6771	0	772	0	0	0	0	0	10844	0	3703	0	6224	0	0	0	0	0	25037	0
SM1004_polyA_metaT_scaffold_84190_c1_1	SM1004_polyA_metaT_scaffold_84190_c1	417	0	0	0	0	0	0	0	0	0	0	0	0	0	0	0	0	0	0	0	0	0	0	0	0	0	0
SM1004_polyA_metaT_scaffold_938_c1_1	SM1004_polyA_metaT_scaffold_938_c1	1758	0	0	0	0	0	0	0	0	0	0	0	0	0	0	384	0	298	0	0	0	0	0	0	0	141	0
SM1004_polyA_metaT_scaffold_94_c1_1	SM1004_polyA_metaT_scaffold_94_c1	594	0	0	0	0	0	0	0	0	0	0	0	0	0	0	121	0	0	0	0	0	0	0	20	0	1089	0
SM1004_polyA_metaT_scaffold_9_c1_1	SM1004_polyA_metaT_scaffold_9_c1	8394	0	0	0	0	0	0	0	0	0	0	0	0	0	0	1907	0	0	0	0	0	0	0	0	0	2923	0
SM1005_polyA_metaT_scaffold_10_c1_1	SM1005_polyA_metaT_scaffold_10_c1	1389	0	0	0	0	0	0	0	0	0	0	0	0	0	0	0	0	0	0	0	0	0	0	0	0	0	0
SM1005_polyA_metaT_scaffold_13728_c1_1	SM1005_polyA_metaT_scaffold_13728_c1	381	0	0	0	0	0	0	0	0	0	0	0	0	0	0	0	0	0	0	0	0	0	0	0	0	0	0
SM1005_polyA_metaT_scaffold_14235_c1_1	SM1005_polyA_metaT_scaffold_14235_c1	375	0	0	0	0	0	0	0	0	0	0	0	0	0	0	0	0	0	0	0	0	0	0	0	0	0	0
SM1005_polyA_metaT_scaffold_15_c1_2	SM1005_polyA_metaT_scaffold_15_c1	1089	2820	0	0	0	0	0	477	0	0	0	0	0	0	0	0	0	0	0	0	0	0	0	0	0	0	0
SM1005_polyA_metaT_scaffold_21910_c1_1	SM1005_polyA_metaT_scaffold_21910_c1	324	0	0	0	0	0	0	59	0	0	0	0	0	0	0	0	0	0	0	0	0	0	0	0	0	0	0
SM1005_polyA_metaT_scaffold_23643_c1_1	SM1005_polyA_metaT_scaffold_23643_c1	315	0	0	0	0	0	0	21776	0	0	0	0	0	0	0	0	0	0	0	5066	0	0	0	0	0	0	0
SM1005_polyA_metaT_scaffold_3285_c1_1	SM1005_polyA_metaT_scaffold_3285_c1	588	0	0	0	0	0	0	193	0	0	0	0	0	0	0	0	0	0	0	0	0	0	0	0	0	0	0
SM1005_polyA_metaT_scaffold_485_c1_1	SM1005_polyA_metaT_scaffold_485_c1	1050	0	0	0	0	0	0	0	0	0	0	0	0	0	0	0	0	0	0	0	0	0	0	0	0	775	0
SM1005_polyA_metaT_scaffold_6688_c1_1	SM1005_polyA_metaT_scaffold_6688_c1	474	0	0	0	0	0	0	35	0	0	0	0	0	0	0	0	0	0	0	0	0	0	0	0	0	0	0
SM1005_polyA_metaT_scaffold_6_c1_1	SM1005_polyA_metaT_scaffold_6_c1	2286	0	0	0	0	0	0	653	0	0	0	0	0	0	0	0	0	0	0	0	0	0	0	0	0	0	0
SM1005_polyA_metaT_scaffold_826_c1_1	SM1005_polyA_metaT_scaffold_826_c1	891	0	0	0	0	0	0	0	0	0	0	0	0	0	0	0	0	0	0	0	0	0	0	0	0	0	0
SM1005_polyA_metaT_scaffold_8944_c1_1	SM1005_polyA_metaT_scaffold_8944_c1	435	0	0	0	0	0	0	4506	0	170	0	0	0	0	0	0	0	0	0	180	0	0	0	277	0	0	0
SM1005_polyA_metaT_scaffold_9231_c1_1	SM1005_polyA_metaT_scaffold_9231_c1	429	0	0	0	0	0	0	140	0	0	0	0	0	0	0	0	0	0	0	39	0	0	0	0	0	0	0
SM1026_polyA_metaT_scaffold_12_c1_1	SM1026_polyA_metaT_scaffold_12_c1	3210	187	0	0	0	0	0	0	0	41564	0	0	0	0	0	0	0	0	0	0	0	0	0	0	0	331	0
SM1026_polyA_metaT_scaffold_142_c1_1	SM1026_polyA_metaT_scaffold_142_c1	2010	0	0	0	0	0	0	0	0	0	0	0	0	0	0	0	0	0	0	0	0	0	0	0	0	0	0
SM1026_polyA_metaT_scaffold_1689_c1_2	SM1026_polyA_metaT_scaffold_1689_c1	735	38	0	0	0	0	0	0	0	309	0	0	0	0	0	0	0	0	0	0	0	42	0	0	0	0	0
SM1026_polyA_metaT_scaffold_17_c1_1	SM1026_polyA_metaT_scaffold_17_c1	3606	0	0	0	0	0	0	0	0	3114	0	0	0	0	0	0	0	0	0	0	0	0	0	0	0	0	0
SM1026_polyA_metaT_scaffold_1_c1_2	SM1026_polyA_metaT_scaffold_1_c1	5994	5906	0	0	0	0	0	0	0	159893	0	0	0	2369	0	0	0	0	0	9643	0	657	0	2466	0	2376	0
SM1026_polyA_metaT_scaffold_2179_c1_1	SM1026_polyA_metaT_scaffold_2179_c1	930	0	0	0	0	0	0	0	0	0	0	0	0	0	0	0	0	0	0	0	0	0	0	0	0	0	0
SM1026_polyA_metaT_scaffold_2281_c1_1	SM1026_polyA_metaT_scaffold_2281_c1	915	0	0	0	0	0	0	0	0	421	0	0	0	0	0	0	0	0	0	0	0	0	0	0	0	0	0
SM1026_polyA_metaT_scaffold_23_c1_1	SM1026_polyA_metaT_scaffold_23_c1	1803	0	0	293	0	344	0	0	0	2892	0	0	0	0	0	0	0	2561	0	0	0	0	0	0	0	0	0
SM1026_polyA_metaT_scaffold_24361_c1_1	SM1026_polyA_metaT_scaffold_24361_c1	420	0	0	0	0	0	0	0	0	10053	0	0	0	207	0	0	0	0	0	0	0	0	0	0	0	0	0
SM1026_polyA_metaT_scaffold_248_c1_1	SM1026_polyA_metaT_scaffold_248_c1	1749	0	0	0	0	0	0	0	0	5365	0	0	0	0	0	0	0	652	0	370	0	0	0	0	0	0	0
SM1026_polyA_metaT_scaffold_25_c1_1	SM1026_polyA_metaT_scaffold_25_c1	492	0	0	0	0	0	0	0	0	5399	0	0	0	0	0	0	0	0	0	0	0	0	0	0	0	0	0
SM1026_polyA_metaT_scaffold_27_c1_2	SM1026_polyA_metaT_scaffold_27_c1	1779	0	0	0	0	0	0	0	0	1412	0	0	0	0	0	0	0	0	0	0	0	0	0	0	0	0	0
SM1026_polyA_metaT_scaffold_2_c1_2	SM1026_polyA_metaT_scaffold_2_c1	1602	0	0	0	0	0	0	0	0	5005	0	0	0	607	0	0	0	0	0	0	0	119	0	0	0	0	0
SM1026_polyA_metaT_scaffold_31_c1_3	SM1026_polyA_metaT_scaffold_31_c1	1737	0	0	0	0	0	0	0	0	1729	0	0	0	0	0	0	0	0	0	0	0	0	0	0	0	0	0
SM1026_polyA_metaT_scaffold_34_c1_3	SM1026_polyA_metaT_scaffold_34_c1	1695	0	0	0	0	0	0	0	0	2227	0	0	0	0	0	0	0	0	0	0	0	0	0	0	0	0	0
SM1026_polyA_metaT_scaffold_35665_c1_1	SM1026_polyA_metaT_scaffold_35665_c1	369	0	0	0	0	0	0	0	0	4504	0	0	0	127	0	0	0	0	0	0	0	0	0	25	0	0	0
SM1026_polyA_metaT_scaffold_35970_c1_1	SM1026_polyA_metaT_scaffold_35970_c1	369	0	0	12	0	0	0	0	0	52	0	0	0	0	0	0	0	0	0	0	0	0	0	0	0	0	0
SM1026_polyA_metaT_scaffold_43473_c1_1	SM1026_polyA_metaT_scaffold_43473_c1	345	0	0	0	0	0	0	0	0	1619	0	0	0	0	0	0	0	0	0	0	0	0	0	0	0	0	0
SM1026_polyA_metaT_scaffold_501_c1_1	SM1026_polyA_metaT_scaffold_501_c1	1458	0	0	0	0	0	0	0	0	7682	0	0	0	0	0	157	0	1039	0	0	0	0	0	0	0	0	0
SM1026_polyA_metaT_scaffold_5467_c1_1	SM1026_polyA_metaT_scaffold_5467_c1	687	0	0	0	0	0	0	0	0	0	0	0	0	0	0	0	0	0	0	0	0	0	0	0	0	0	0
SM1026_polyA_metaT_scaffold_58_c1_1	SM1026_polyA_metaT_scaffold_58_c1	963	0	0	0	0	0	0	0	0	629	0	0	0	0	0	0	0	0	0	0	0	0	0	25	0	288	0
SM1026_polyA_metaT_scaffold_59687_c1_1	SM1026_polyA_metaT_scaffold_59687_c1	303	0	0	0	0	0	0	0	0	0	0	0	0	0	0	0	0	0	0	0	0	0	0	0	0	0	0
SM1026_polyA_metaT_scaffold_5_c1_1	SM1026_polyA_metaT_scaffold_5_c1	6024	0	0	0	0	0	0	0	0	10498	0	0	0	0	0	0	0	0	0	0	0	0	0	0	0	0	0
SM1026_polyA_metaT_scaffold_7_c1_1	SM1026_polyA_metaT_scaffold_7_c1	2571	0	0	0	0	0	0	0	0	6537	0	0	0	0	0	0	0	0	0	0	0	0	0	0	0	0	0
SM1026_polyA_metaT_scaffold_8_c1_1	SM1026_polyA_metaT_scaffold_8_c1	4917	0	0	0	0	0	0	0	0	5708	0	0	0	0	0	0	0	0	0	0	0	0	0	0	0	1832	0
SM1026_polyA_metaT_scaffold_9_c1_4	SM1026_polyA_metaT_scaffold_9_c1	3081	507	0	0	0	295	0	0	0	6748	0	0	0	286	0	0	0	1155	0	0	0	277	0	0	0	0	0
SM1027_polyA_metaT_scaffold_10_c1_3	SM1027_polyA_metaT_scaffold_10_c1	1422	0	0	0	0	0	0	0	0	0	0	6246	0	0	0	0	0	0	0	0	0	0	0	0	0	0	0
SM1027_polyA_metaT_scaffold_11149_c1_1	SM1027_polyA_metaT_scaffold_11149_c1	753	0	0	0	0	0	0	0	0	0	0	0	0	0	0	0	0	0	0	0	0	0	0	0	0	0	0
SM1027_polyA_metaT_scaffold_11712_c1_1	SM1027_polyA_metaT_scaffold_11712_c1	741	0	0	45	0	0	0	0	0	0	0	0	0	0	0	0	0	0	0	0	0	0	0	0	0	0	0
SM1027_polyA_metaT_scaffold_11898_c1_1	SM1027_polyA_metaT_scaffold_11898_c1	735	0	0	26	0	0	0	0	0	0	0	174	0	0	0	0	0	0	0	0	0	0	0	0	0	0	0
SM1027_polyA_metaT_scaffold_12_c1_2	SM1027_polyA_metaT_scaffold_12_c1	2124	526	0	149	0	0	0	0	0	3781	0	2050	0	0	0	0	0	0	0	0	0	0	0	239	0	389	0
SM1027_polyA_metaT_scaffold_15_c1_1	SM1027_polyA_metaT_scaffold_15_c1	2055	0	0	307	0	0	0	0	0	0	0	0	0	0	0	0	0	0	0	0	0	0	0	0	0	0	0
SM1027_polyA_metaT_scaffold_16336_c1_1	SM1027_polyA_metaT_scaffold_16336_c1	654	0	0	0	0	0	0	0	0	0	0	0	0	0	0	0	0	0	0	0	0	0	0	0	0	0	0
SM1027_polyA_metaT_scaffold_16_c1_3	SM1027_polyA_metaT_scaffold_16_c1	1659	0	0	0	0	0	0	156	0	0	0	860	0	0	0	0	0	0	0	0	0	0	0	315	0	0	0
SM1027_polyA_metaT_scaffold_19784_c1_1	SM1027_polyA_metaT_scaffold_19784_c1	615	0	0	0	0	0	0	0	0	0	0	0	0	0	0	0	0	0	0	0	0	0	0	0	0	0	0
SM1027_polyA_metaT_scaffold_19_c1_2	SM1027_polyA_metaT_scaffold_19_c1	1455	0	0	0	0	0	0	0	0	0	0	1145	0	0	0	92	0	0	0	0	0	0	0	0	0	452	0
SM1027_polyA_metaT_scaffold_1_c1_1	SM1027_polyA_metaT_scaffold_1_c1	6387	0	0	817	0	0	0	0	0	0	0	28426	0	3409	0	0	0	1403	0	0	0	0	0	0	0	863	0
SM1027_polyA_metaT_scaffold_2614_c1_1	SM1027_polyA_metaT_scaffold_2614_c1	1212	0	0	562	0	1107	0	0	0	0	0	373	0	283	0	0	0	0	0	0	0	0	0	149	0	69	0
SM1027_polyA_metaT_scaffold_28361_c1_1	SM1027_polyA_metaT_scaffold_28361_c1	540	0	0	0	0	0	0	0	0	0	0	0	0	0	0	0	0	0	0	0	0	0	0	0	0	0	0
SM1027_polyA_metaT_scaffold_28_c1_3	SM1027_polyA_metaT_scaffold_28_c1	1662	0	0	0	0	0	0	0	0	0	0	37683	0	0	0	0	0	0	0	0	0	0	0	0	0	0	0
SM1027_polyA_metaT_scaffold_30_c1_1	SM1027_polyA_metaT_scaffold_30_c1	3369	0	0	2764	0	0	0	0	0	0	0	4287	0	0	0	0	0	0	0	529	0	0	0	0	0	0	0
SM1027_polyA_metaT_scaffold_33_c1_2	SM1027_polyA_metaT_scaffold_33_c1	2820	0	0	0	0	0	0	0	0	0	0	7620	0	0	0	0	0	0	0	0	0	0	0	0	0	0	0
SM1027_polyA_metaT_scaffold_34_c1_2	SM1027_polyA_metaT_scaffold_34_c1	2817	0	0	0	0	0	0	0	0	0	0	10338	0	0	0	0	0	0	0	0	0	0	0	0	0	0	0
SM1027_polyA_metaT_scaffold_3620_c1_1	SM1027_polyA_metaT_scaffold_3620_c1	1095	0	0	0	0	0	0	0	0	0	0	0	0	0	0	0	0	0	0	0	0	0	0	0	0	0	0
SM1027_polyA_metaT_scaffold_43203_c1_1	SM1027_polyA_metaT_scaffold_43203_c1	462	0	0	0	0	0	0	0	0	0	0	0	0	0	0	0	0	0	0	0	0	0	0	14	0	5	0
SM1027_polyA_metaT_scaffold_4_c1_3	SM1027_polyA_metaT_scaffold_4_c1	5607	694	0	2541	0	0	0	0	0	0	0	4424	0	0	0	0	0	0	0	0	0	0	0	0	0	0	0
SM1027_polyA_metaT_scaffold_53783_c1_1	SM1027_polyA_metaT_scaffold_53783_c1	426	15	0	0	0	0	0	0	0	0	0	73	0	0	0	22	0	0	0	0	0	0	0	17	0	0	0
SM1027_polyA_metaT_scaffold_5_c1_1_1_7363_1	SM1027_polyA_metaT_scaffold_5_c1_1_1_7363	4776	11392	0	25319	193	1069	0	4625	0	9983	0	17407	0	0	0	0	0	0	0	0	0	0	0	2418	0	2676	0
SM1027_polyA_metaT_scaffold_6_c1_2	SM1027_polyA_metaT_scaffold_6_c1	3573	0	0	0	0	0	0	0	0	0	0	36784	0	0	0	0	0	0	0	0	0	0	0	0	0	0	0
SM1027_polyA_metaT_scaffold_82196_c1_1	SM1027_polyA_metaT_scaffold_82196_c1	363	0	0	0	0	0	0	0	0	0	0	0	0	0	0	0	0	0	0	0	0	0	0	0	0	0	0
SM1027_polyA_metaT_scaffold_85947_c1_1	SM1027_polyA_metaT_scaffold_85947_c1	360	0	0	0	0	0	0	0	0	0	0	47	0	0	0	0	0	0	0	0	0	0	0	0	0	0	0
SM1027_polyA_metaT_scaffold_8_c1_1	SM1027_polyA_metaT_scaffold_8_c1	5757	0	0	1571	0	0	0	0	0	1664	0	6900	0	0	0	0	0	2130	0	461	0	0	0	0	0	0	0
SM1027_polyA_metaT_scaffold_9_c1_3	SM1027_polyA_metaT_scaffold_9_c1	1491	0	0	0	0	0	0	0	0	1111	0	3432	0	0	0	0	0	4206	0	0	0	0	0	0	0	0	0
SM1028_polyA_metaT_scaffold_10_c1_1	SM1028_polyA_metaT_scaffold_10_c1	5631	0	0	0	0	0	0	0	0	0	0	0	0	109655	0	0	0	0	0	0	0	0	0	0	0	0	0
SM1028_polyA_metaT_scaffold_120598_c1_1	SM1028_polyA_metaT_scaffold_120598_c1	396	0	0	0	0	0	0	0	0	0	0	0	0	48	0	0	0	0	0	0	0	0	0	0	0	0	0
SM1028_polyA_metaT_scaffold_12068_c1_1	SM1028_polyA_metaT_scaffold_12068_c1	912	0	0	0	0	0	0	0	0	0	0	0	0	0	0	0	0	0	0	0	0	0	0	0	0	0	0
SM1028_polyA_metaT_scaffold_12_c1_1	SM1028_polyA_metaT_scaffold_12_c1	5565	324	0	2206	0	1409	0	0	0	0	0	2318	0	8956	0	0	0	0	0	532	0	0	0	0	0	0	0
SM1028_polyA_metaT_scaffold_13532_c1_1	SM1028_polyA_metaT_scaffold_13532_c1	891	0	0	0	0	0	0	0	0	0	0	0	0	0	0	0	0	0	0	0	0	0	0	0	0	0	0
SM1028_polyA_metaT_scaffold_13_c1_2	SM1028_polyA_metaT_scaffold_13_c1	1701	0	0	0	0	0	0	0	0	0	0	0	0	1411	0	0	0	0	0	204	0	0	0	0	0	0	0
SM1028_polyA_metaT_scaffold_1410_c1_1	SM1028_polyA_metaT_scaffold_1410_c1	1098	0	0	0	0	0	0	0	0	0	0	0	0	101	0	0	0	0	0	36	0	0	0	0	0	0	0
SM1028_polyA_metaT_scaffold_149338_c1_1	SM1028_polyA_metaT_scaffold_149338_c1	366	0	0	0	0	0	0	0	0	0	0	0	0	1012	0	0	0	0	0	0	0	0	0	0	0	0	0
SM1028_polyA_metaT_scaffold_14_c1_2	SM1028_polyA_metaT_scaffold_14_c1	2760	0	0	0	0	0	0	0	0	0	0	0	0	5689	0	0	0	0	0	0	0	0	0	0	0	0	0
SM1028_polyA_metaT_scaffold_15_c1_1	SM1028_polyA_metaT_scaffold_15_c1	2766	0	0	0	0	0	0	0	0	0	0	0	0	1198	0	0	0	0	0	0	0	0	0	0	0	0	0
SM1028_polyA_metaT_scaffold_164336_c1_1	SM1028_polyA_metaT_scaffold_164336_c1	351	0	0	0	0	0	0	0	0	0	0	0	0	0	0	0	0	0	0	0	0	0	0	0	0	0	0
SM1028_polyA_metaT_scaffold_18_c1_2	SM1028_polyA_metaT_scaffold_18_c1	4311	0	0	0	0	0	0	0	0	0	0	0	0	961	0	0	0	0	0	0	0	0	0	0	0	0	0
SM1028_polyA_metaT_scaffold_197250_c1_1	SM1028_polyA_metaT_scaffold_197250_c1	324	0	0	0	0	0	0	0	0	0	0	0	0	0	0	0	0	0	0	0	0	0	0	0	0	0	0
SM1028_polyA_metaT_scaffold_20_c1_1	SM1028_polyA_metaT_scaffold_20_c1	2436	0	0	0	0	0	0	0	0	0	0	0	0	0	0	0	0	0	0	0	0	0	0	0	0	0	0
SM1028_polyA_metaT_scaffold_2167_c1_1	SM1028_polyA_metaT_scaffold_2167_c1	1428	0	0	0	0	0	0	0	0	0	0	0	0	276	0	0	0	0	0	0	0	75	0	0	0	0	0
SM1028_polyA_metaT_scaffold_24946_c1_1	SM1028_polyA_metaT_scaffold_24946_c1	717	0	0	0	0	0	0	0	0	0	0	0	0	0	0	0	0	0	0	0	0	0	0	0	0	0	0
SM1028_polyA_metaT_scaffold_25_c1_1	SM1028_polyA_metaT_scaffold_25_c1	3579	0	0	0	0	0	0	0	0	0	0	0	0	0	0	0	0	0	0	0	0	0	0	0	0	0	0
SM1028_polyA_metaT_scaffold_26_c1_2	SM1028_polyA_metaT_scaffold_26_c1	3516	0	0	0	0	0	0	0	0	0	0	0	0	873	0	0	0	0	0	0	0	0	0	0	0	0	0
SM1028_polyA_metaT_scaffold_277_c1_1	SM1028_polyA_metaT_scaffold_277_c1	2073	0	0	0	0	0	0	0	0	0	0	0	0	406	0	0	0	0	0	0	0	0	0	0	0	0	0
SM1028_polyA_metaT_scaffold_29_c1_2	SM1028_polyA_metaT_scaffold_29_c1	3333	2375	0	0	0	2231	0	3284	0	1201	0	0	0	5157	0	0	0	5527	0	1896	0	589	0	0	0	0	0
SM1028_polyA_metaT_scaffold_3036_c1_1	SM1028_polyA_metaT_scaffold_3036_c1	1149	0	0	0	0	0	0	0	0	0	0	0	0	0	0	0	0	0	0	0	0	0	0	0	0	0	0
SM1028_polyA_metaT_scaffold_30429_c1_1	SM1028_polyA_metaT_scaffold_30429_c1	669	0	0	0	0	0	0	0	0	0	0	0	0	106	0	0	0	0	0	0	0	0	0	0	0	0	0
SM1028_polyA_metaT_scaffold_3578_c1_1	SM1028_polyA_metaT_scaffold_3578_c1	1197	0	0	0	0	0	0	0	0	0	0	0	0	176	0	0	0	0	0	0	0	0	0	0	0	0	0
SM1028_polyA_metaT_scaffold_35_c1_2	SM1028_polyA_metaT_scaffold_35_c1	1041	0	0	0	0	0	0	0	0	200	0	0	0	427	0	0	0	0	0	0	0	0	0	0	0	0	0
SM1028_polyA_metaT_scaffold_36197_c1_1	SM1028_polyA_metaT_scaffold_36197_c1	627	0	0	0	0	0	0	0	0	0	0	0	0	44	0	0	0	0	0	0	0	0	0	0	0	0	0
SM1028_polyA_metaT_scaffold_36994_c1_1	SM1028_polyA_metaT_scaffold_36994_c1	624	0	0	0	0	43	0	0	0	0	0	0	0	96	0	0	0	0	0	0	0	0	0	0	0	0	0
SM1028_polyA_metaT_scaffold_39_c1_2	SM1028_polyA_metaT_scaffold_39_c1	1605	1270	0	0	0	1619	0	0	0	0	0	0	0	3405	0	0	0	0	0	0	0	0	0	0	0	0	0
SM1028_polyA_metaT_scaffold_3_c1_2	SM1028_polyA_metaT_scaffold_3_c1	1602	0	0	0	0	0	0	0	0	0	0	0	0	0	0	0	0	0	0	0	0	0	0	0	0	0	0
SM1028_polyA_metaT_scaffold_41_c1_3	SM1028_polyA_metaT_scaffold_41_c1	1251	0	0	0	0	0	0	0	0	0	0	0	0	1583	0	0	0	0	0	0	0	0	0	0	0	0	0
SM1028_polyA_metaT_scaffold_45_c1_3	SM1028_polyA_metaT_scaffold_45_c1	1608	0	0	0	0	0	0	0	0	0	0	0	0	367	0	0	0	0	0	0	0	0	0	0	0	0	0
SM1028_polyA_metaT_scaffold_4796_c1_1	SM1028_polyA_metaT_scaffold_4796_c1	633	0	0	0	0	0	0	0	0	0	0	0	0	0	0	0	0	0	0	0	0	0	0	0	0	0	0
SM1028_polyA_metaT_scaffold_47_c1_1	SM1028_polyA_metaT_scaffold_47_c1	3543	0	0	0	0	0	0	0	0	0	0	0	0	448	0	0	0	0	0	0	0	0	0	0	0	0	0
SM1028_polyA_metaT_scaffold_4_c1_1	SM1028_polyA_metaT_scaffold_4_c1	3777	0	0	405	0	425	0	0	0	0	0	0	0	2118	0	0	0	0	0	0	0	0	0	0	0	0	0
SM1028_polyA_metaT_scaffold_51208_c1_1	SM1028_polyA_metaT_scaffold_51208_c1	549	0	0	246	0	1587	0	0	0	644	0	128	0	11060	0	37	0	0	0	0	0	97	0	0	0	0	0
SM1028_polyA_metaT_scaffold_5_c1_2	SM1028_polyA_metaT_scaffold_5_c1	3138	0	0	0	0	0	0	0	0	0	0	0	0	2715	0	0	0	0	0	0	0	0	0	0	0	0	0
SM1028_polyA_metaT_scaffold_68_c1_1	SM1028_polyA_metaT_scaffold_68_c1	2037	91	0	0	0	0	0	0	0	0	0	0	0	419	0	0	0	0	0	0	0	0	0	0	0	0	0
SM1028_polyA_metaT_scaffold_6_c1_1	SM1028_polyA_metaT_scaffold_6_c1	2979	0	0	0	0	0	0	0	0	0	0	0	0	2863	0	0	0	0	0	0	0	0	0	0	0	0	0
SM1028_polyA_metaT_scaffold_73_c1_1	SM1028_polyA_metaT_scaffold_73_c1	3165	0	0	0	0	0	0	0	0	0	0	0	0	566	0	0	0	0	0	0	0	0	0	0	0	0	0
SM1028_polyA_metaT_scaffold_74216_c1_1	SM1028_polyA_metaT_scaffold_74216_c1	477	0	0	0	0	0	0	0	0	0	0	0	0	0	0	0	0	0	0	0	0	0	0	0	0	0	0
SM1028_polyA_metaT_scaffold_87_c1_1	SM1028_polyA_metaT_scaffold_87_c1	2778	0	0	0	0	0	0	0	0	0	0	0	0	0	0	0	0	0	0	0	0	0	0	0	0	0	0
SM1028_polyA_metaT_scaffold_902_c1_1	SM1028_polyA_metaT_scaffold_902_c1	1812	0	0	0	0	0	0	0	0	0	0	0	0	0	0	0	0	0	0	0	0	0	0	0	0	0	0
SM1029_polyA_metaT_scaffold_166_c1_1	SM1029_polyA_metaT_scaffold_166_c1	2172	0	0	0	0	0	0	0	0	0	0	0	0	0	0	0	0	5254	0	0	0	0	0	0	0	0	0
SM1029_polyA_metaT_scaffold_16_c1_1	SM1029_polyA_metaT_scaffold_16_c1	2496	0	0	0	0	0	0	0	0	0	0	0	0	0	0	0	0	2801	0	0	0	0	0	0	0	0	0
SM1029_polyA_metaT_scaffold_176_c1_2	SM1029_polyA_metaT_scaffold_176_c1	606	0	0	0	0	0	0	0	0	0	0	0	0	0	0	0	0	0	0	0	0	0	0	0	0	0	0
SM1029_polyA_metaT_scaffold_17_c1_1	SM1029_polyA_metaT_scaffold_17_c1	1548	0	0	0	0	0	0	0	0	0	0	0	0	0	0	0	0	2799	0	0	0	0	0	0	0	0	0
SM1029_polyA_metaT_scaffold_18329_c1_1	SM1029_polyA_metaT_scaffold_18329_c1	558	0	0	0	0	0	0	0	0	0	0	0	0	0	0	0	0	0	0	0	0	0	0	0	0	0	0
SM1029_polyA_metaT_scaffold_20267_c1_1	SM1029_polyA_metaT_scaffold_20267_c1	540	0	0	0	0	0	0	0	0	0	0	0	0	0	0	0	0	919	0	0	0	0	0	0	0	0	0
SM1029_polyA_metaT_scaffold_21401_c1_1	SM1029_polyA_metaT_scaffold_21401_c1	528	0	0	0	0	0	0	0	0	0	0	0	0	0	0	0	0	112	0	0	0	0	0	0	0	0	0
SM1029_polyA_metaT_scaffold_245_c1_1	SM1029_polyA_metaT_scaffold_245_c1	1806	0	0	0	0	22573	0	147930	474	53038	0	0	0	47132	0	25524	0	449444	0	2921	0	53159	0	50851	49	76514	0
SM1029_polyA_metaT_scaffold_26_c1_2	SM1029_polyA_metaT_scaffold_26_c1	978	0	0	0	0	2551	0	0	0	9447	0	0	0	0	0	1103	0	39435	0	0	0	0	0	56	0	2564	0
SM1029_polyA_metaT_scaffold_27359_c1_1	SM1029_polyA_metaT_scaffold_27359_c1	480	0	0	0	0	0	0	0	0	0	0	0	0	0	0	0	0	0	0	0	0	0	0	0	0	0	0
SM1029_polyA_metaT_scaffold_297_c1_1	SM1029_polyA_metaT_scaffold_297_c1	801	0	0	0	0	0	0	0	0	0	0	0	0	0	0	0	0	0	0	0	0	0	0	0	0	0	0
SM1029_polyA_metaT_scaffold_2_c1_2	SM1029_polyA_metaT_scaffold_2_c1	5643	0	0	0	0	468794	0	0	0	0	0	0	0	0	0	2042	0	253693	0	0	0	0	0	0	0	0	0
SM1029_polyA_metaT_scaffold_31818_c1_1	SM1029_polyA_metaT_scaffold_31818_c1	453	0	0	0	0	0	0	0	0	0	0	0	0	0	0	0	0	0	0	0	0	0	0	0	0	0	0
SM1029_polyA_metaT_scaffold_3_c1_1	SM1029_polyA_metaT_scaffold_3_c1	5544	0	0	0	0	0	0	0	0	0	0	0	0	2256	0	0	0	4078	0	1277	0	923	0	0	0	0	0
SM1029_polyA_metaT_scaffold_41_c1_4	SM1029_polyA_metaT_scaffold_41_c1	2004	0	0	0	0	0	0	0	0	0	0	0	0	0	0	0	0	0	0	0	0	0	0	0	0	0	0
SM1029_polyA_metaT_scaffold_55_c1_1	SM1029_polyA_metaT_scaffold_55_c1	2523	0	0	0	0	0	0	0	0	0	0	0	0	0	0	0	0	4573	0	0	0	140	0	0	0	0	0
SM1029_polyA_metaT_scaffold_574_c1_1	SM1029_polyA_metaT_scaffold_574_c1	1665	0	0	0	0	0	0	0	0	0	0	0	0	0	0	0	0	2169	0	102	0	0	0	0	0	0	0
SM1029_polyA_metaT_scaffold_63630_c1_1	SM1029_polyA_metaT_scaffold_63630_c1	354	0	0	0	0	0	0	0	0	0	0	0	0	0	0	0	0	0	0	0	0	0	0	0	0	0	0
SM1029_polyA_metaT_scaffold_689_c1_2	SM1029_polyA_metaT_scaffold_689_c1	1446	0	0	0	0	0	0	0	0	0	0	0	0	0	0	0	0	322	0	0	0	0	0	0	0	0	0
SM1029_polyA_metaT_scaffold_72654_c1_1	SM1029_polyA_metaT_scaffold_72654_c1	333	0	0	0	0	0	0	0	0	0	0	0	0	0	0	0	0	0	0	0	0	0	0	0	0	0	0
SM1029_polyA_metaT_scaffold_7732_c1_1	SM1029_polyA_metaT_scaffold_7732_c1	768	0	0	0	0	0	0	0	0	0	0	0	0	0	0	0	0	0	0	0	0	0	0	0	0	0	0
SM1029_polyA_metaT_scaffold_81271_c1_1	SM1029_polyA_metaT_scaffold_81271_c1	318	0	0	0	0	0	0	0	0	0	0	0	0	0	0	0	0	0	0	0	0	0	0	0	0	0	0
SM1029_polyA_metaT_scaffold_81_c1_1	SM1029_polyA_metaT_scaffold_81_c1	1167	0	0	0	0	0	0	0	0	0	0	143	0	0	0	0	0	600	0	0	0	0	0	0	0	0	0
SM1029_polyA_metaT_scaffold_8422_c1_1	SM1029_polyA_metaT_scaffold_8422_c1	744	0	0	0	0	0	0	0	0	0	0	0	0	0	0	0	0	0	0	0	0	0	0	0	0	0	0
SM1029_polyA_metaT_scaffold_92197_c1_1	SM1029_polyA_metaT_scaffold_92197_c1	300	0	0	0	0	0	0	0	0	0	0	0	0	0	0	0	0	53	0	0	0	0	0	0	0	0	0
SM1029_polyA_metaT_scaffold_9921_c1_1	SM1029_polyA_metaT_scaffold_9921_c1	702	0	0	0	0	0	0	0	0	0	0	0	0	0	0	0	0	0	0	0	0	0	0	0	0	0	0
SM1030_polyA_metaT_scaffold_103500_c1_1	SM1030_polyA_metaT_scaffold_103500_c1	426	0	0	0	0	0	0	0	0	0	0	0	0	0	0	18	0	0	0	0	0	0	0	0	0	41	0
SM1030_polyA_metaT_scaffold_111_c1_1	SM1030_polyA_metaT_scaffold_111_c1	3267	0	0	0	0	0	0	0	0	0	0	0	0	0	0	0	0	0	0	0	0	0	0	0	0	0	0
SM1030_polyA_metaT_scaffold_12_c1_1	SM1030_polyA_metaT_scaffold_12_c1	6399	0	0	0	0	0	0	0	0	0	0	0	0	0	0	7321	0	0	0	0	0	0	0	0	0	1262	0
SM1030_polyA_metaT_scaffold_159_c1_1	SM1030_polyA_metaT_scaffold_159_c1	1368	0	0	0	0	0	0	0	0	0	0	0	0	0	0	233	0	0	0	0	0	0	0	0	0	118	0
SM1030_polyA_metaT_scaffold_176752_c1_1	SM1030_polyA_metaT_scaffold_176752_c1	348	0	0	0	0	0	0	0	0	0	0	0	0	0	0	0	0	0	0	0	0	0	0	0	0	0	0
SM1030_polyA_metaT_scaffold_18_c1_4	SM1030_polyA_metaT_scaffold_18_c1	1722	0	0	0	0	0	0	0	0	0	0	0	0	0	0	0	0	0	0	0	0	0	0	0	0	0	0
SM1030_polyA_metaT_scaffold_19_c1_2	SM1030_polyA_metaT_scaffold_19_c1	1464	0	0	0	0	0	0	0	0	0	0	0	0	0	0	880	0	0	0	0	0	0	0	0	0	0	0
SM1030_polyA_metaT_scaffold_21_c1_1	SM1030_polyA_metaT_scaffold_21_c1	3480	0	0	0	0	0	0	0	0	0	0	0	0	0	0	2802	0	0	0	0	0	0	0	0	0	0	0
SM1030_polyA_metaT_scaffold_226_c1_2	SM1030_polyA_metaT_scaffold_226_c1	1530	0	0	0	0	0	0	0	0	0	0	0	0	0	0	0	0	0	0	0	0	0	0	0	0	0	0
SM1030_polyA_metaT_scaffold_24405_c1_1	SM1030_polyA_metaT_scaffold_24405_c1	744	0	0	0	0	0	0	0	0	0	0	0	0	0	0	0	0	0	0	0	0	0	0	0	0	0	0
SM1030_polyA_metaT_scaffold_24_c1_2	SM1030_polyA_metaT_scaffold_24_c1	2772	0	0	0	0	14386	0	7182	0	0	0	0	0	0	0	23404	0	34672	0	10499	0	0	0	3119	0	7830	0
SM1030_polyA_metaT_scaffold_28_c1_3	SM1030_polyA_metaT_scaffold_28_c1	1926	0	0	0	0	0	0	0	0	0	0	0	0	0	0	1305	0	0	0	109	0	0	0	0	0	0	0
SM1030_polyA_metaT_scaffold_34304_c1_1	SM1030_polyA_metaT_scaffold_34304_c1	654	0	0	0	0	0	0	0	0	0	0	0	0	0	0	0	0	0	0	0	0	0	0	0	0	0	0
SM1030_polyA_metaT_scaffold_34_c1_2	SM1030_polyA_metaT_scaffold_34_c1	1494	0	0	0	0	0	0	0	0	0	0	0	0	0	0	99	0	0	0	0	0	0	0	0	0	0	0
SM1030_polyA_metaT_scaffold_53_c1_2	SM1030_polyA_metaT_scaffold_53_c1	1530	0	0	0	0	0	0	0	0	0	0	0	0	0	0	229	0	0	0	0	0	0	0	0	0	0	0
SM1030_polyA_metaT_scaffold_7852_c1_1	SM1030_polyA_metaT_scaffold_7852_c1	1116	0	0	0	0	0	0	0	0	0	0	0	0	0	0	0	0	0	0	0	0	0	0	0	0	0	0
SM1030_polyA_metaT_scaffold_7_c1_1	SM1030_polyA_metaT_scaffold_7_c1	8034	0	0	0	0	0	0	0	0	0	0	0	0	0	0	983	0	0	0	0	0	0	0	0	0	0	0
SM1030_polyA_metaT_scaffold_80342_c1_1	SM1030_polyA_metaT_scaffold_80342_c1	471	981	0	0	0	2622	0	3454	0	5295	0	0	0	151	0	1579	0	770	0	275	0	0	0	1893	0	2790	0
SM1030_polyA_metaT_scaffold_91_c1_2	SM1030_polyA_metaT_scaffold_91_c1	1560	0	0	0	0	0	0	0	0	0	0	0	0	0	0	428	0	0	0	0	0	0	0	142	0	0	0
SM1031_polyA_metaT_scaffold_105949_c1_1	SM1031_polyA_metaT_scaffold_105949_c1	306	0	0	0	0	0	0	0	0	0	0	0	0	0	0	0	0	0	0	8	0	0	0	0	0	0	0
SM1031_polyA_metaT_scaffold_10_c1_2	SM1031_polyA_metaT_scaffold_10_c1	5049	0	0	0	0	0	0	0	0	0	0	0	0	0	0	4346	0	4575	0	8563	0	0	0	0	0	1296	0
SM1031_polyA_metaT_scaffold_1296_c1_1	SM1031_polyA_metaT_scaffold_1296_c1	1062	0	0	0	0	0	0	893	0	0	0	0	0	0	0	0	0	0	0	107	0	0	0	0	0	0	0
SM1031_polyA_metaT_scaffold_12_c1_1	SM1031_polyA_metaT_scaffold_12_c1	3915	0	0	0	0	0	0	0	0	0	0	0	0	0	0	0	0	0	0	4394	0	0	0	0	0	0	0
SM1031_polyA_metaT_scaffold_14239_c1_1	SM1031_polyA_metaT_scaffold_14239_c1	630	0	0	0	0	0	0	0	0	0	0	0	0	0	0	0	0	0	0	0	0	0	0	0	0	0	0
SM1031_polyA_metaT_scaffold_14520_c1_1	SM1031_polyA_metaT_scaffold_14520_c1	624	0	0	0	0	0	0	0	0	0	0	0	0	0	0	0	0	0	0	64	216	0	0	0	0	0	0
SM1031_polyA_metaT_scaffold_14_c1_2	SM1031_polyA_metaT_scaffold_14_c1	3726	0	0	0	0	0	0	0	0	0	0	0	0	0	0	0	0	0	0	454	0	0	0	0	0	0	0
SM1031_polyA_metaT_scaffold_15_c1_1	SM1031_polyA_metaT_scaffold_15_c1	6045	0	0	0	0	0	0	0	0	0	0	0	0	0	0	0	0	0	0	5378	0	0	0	0	0	0	0
SM1031_polyA_metaT_scaffold_16298_c1_1	SM1031_polyA_metaT_scaffold_16298_c1	600	0	0	0	0	0	0	0	0	0	0	0	0	0	0	0	0	0	0	0	0	0	0	0	0	0	0
SM1031_polyA_metaT_scaffold_169_c1_2	SM1031_polyA_metaT_scaffold_169_c1	1986	0	0	0	0	0	0	0	0	0	0	0	0	0	0	0	0	0	0	409	0	0	0	0	0	0	0
SM1031_polyA_metaT_scaffold_16_c1_4	SM1031_polyA_metaT_scaffold_16_c1	3687	0	0	0	0	0	0	2755	0	0	0	0	0	0	0	0	0	0	0	2063	0	0	0	0	0	0	0
SM1031_polyA_metaT_scaffold_17_c1_4	SM1031_polyA_metaT_scaffold_17_c1	4599	0	0	0	0	0	0	0	0	0	0	0	0	0	0	0	0	0	0	6984	0	0	0	0	0	0	0
SM1031_polyA_metaT_scaffold_18_c1_1	SM1031_polyA_metaT_scaffold_18_c1	6123	0	0	0	0	0	0	0	0	0	0	0	0	0	0	0	0	0	0	2146	0	0	0	0	0	0	0
SM1031_polyA_metaT_scaffold_19_c1_2	SM1031_polyA_metaT_scaffold_19_c1	3306	0	0	0	0	2370	0	1793	0	6748	0	0	0	0	0	41737	0	0	0	4484	0	0	0	2577	0	3231	0
SM1031_polyA_metaT_scaffold_20_c1_2	SM1031_polyA_metaT_scaffold_20_c1	2607	0	0	0	0	0	0	0	0	0	0	0	0	0	0	0	0	0	0	2028	0	0	0	0	0	0	0
SM1031_polyA_metaT_scaffold_22341_c1_1	SM1031_polyA_metaT_scaffold_22341_c1	540	0	0	0	0	0	0	0	0	0	0	0	0	0	0	0	0	0	0	174	0	0	0	0	0	0	0
SM1031_polyA_metaT_scaffold_23471_c1_1	SM1031_polyA_metaT_scaffold_23471_c1	528	0	0	0	0	0	0	0	0	0	0	0	0	0	0	0	0	0	0	0	0	0	0	0	0	0	0
SM1031_polyA_metaT_scaffold_2378_c1_1	SM1031_polyA_metaT_scaffold_2378_c1	1122	0	0	0	0	0	0	0	0	0	0	0	0	0	0	0	0	0	0	0	0	0	0	0	0	0	0
SM1031_polyA_metaT_scaffold_23_c1_2	SM1031_polyA_metaT_scaffold_23_c1	2610	0	0	0	0	0	0	284	0	0	0	0	0	0	0	0	0	0	0	2191	0	0	0	0	0	0	0
SM1031_polyA_metaT_scaffold_24_c1_1	SM1031_polyA_metaT_scaffold_24_c1	2118	0	0	0	0	1695	0	0	0	0	0	0	0	802	0	0	0	0	0	629	0	823	0	0	0	0	0
SM1031_polyA_metaT_scaffold_2636_c1_1	SM1031_polyA_metaT_scaffold_2636_c1	1086	0	0	0	0	0	0	0	0	0	0	0	0	0	0	0	0	0	0	0	0	61	0	0	0	842	0
SM1031_polyA_metaT_scaffold_264_c1_1	SM1031_polyA_metaT_scaffold_264_c1	1986	0	0	0	0	0	0	0	0	0	0	0	0	0	0	0	0	0	0	0	0	0	0	0	0	0	0
SM1031_polyA_metaT_scaffold_26_c1_1	SM1031_polyA_metaT_scaffold_26_c1	4785	0	0	0	0	0	0	0	0	0	0	0	0	0	0	0	0	0	0	10974	0	0	0	0	0	0	0
SM1031_polyA_metaT_scaffold_28_c1_2	SM1031_polyA_metaT_scaffold_28_c1	2073	0	0	0	0	0	0	0	0	0	0	0	0	0	0	0	0	0	0	0	0	0	0	0	0	0	0
SM1031_polyA_metaT_scaffold_29_c1_1	SM1031_polyA_metaT_scaffold_29_c1	4404	0	0	0	0	0	0	375	0	0	0	0	0	0	0	2322	0	4110	0	2862	0	0	0	2334	0	1496	0
SM1031_polyA_metaT_scaffold_2_c1_3	SM1031_polyA_metaT_scaffold_2_c1	5451	0	0	0	0	0	0	0	0	0	0	0	0	0	0	0	0	0	0	11809	0	0	0	0	0	0	0
SM1031_polyA_metaT_scaffold_31_c1_2	SM1031_polyA_metaT_scaffold_31_c1	1557	4358	0	0	0	0	0	174	0	0	0	0	0	0	0	0	0	0	0	413	0	0	0	0	0	0	0
SM1031_polyA_metaT_scaffold_35_c1_2	SM1031_polyA_metaT_scaffold_35_c1	807	0	0	0	0	0	0	0	0	0	0	0	0	0	0	0	0	0	0	184	0	0	0	0	0	0	0
SM1031_polyA_metaT_scaffold_36_c1_1	SM1031_polyA_metaT_scaffold_36_c1	1875	0	0	0	0	0	0	1409	0	0	0	0	0	0	0	0	0	0	0	1406	0	0	0	0	0	0	0
SM1031_polyA_metaT_scaffold_38_c1_2	SM1031_polyA_metaT_scaffold_38_c1	3825	0	0	0	0	0	0	815	0	0	0	0	0	0	0	0	0	0	0	302	0	0	0	0	0	0	0
SM1031_polyA_metaT_scaffold_39_c1_1	SM1031_polyA_metaT_scaffold_39_c1	1053	0	0	0	0	0	0	0	0	0	0	0	0	0	0	0	0	0	0	410	0	0	0	0	0	0	0
SM1031_polyA_metaT_scaffold_42_c1_1	SM1031_polyA_metaT_scaffold_42_c1	1938	0	0	0	0	0	0	0	0	0	0	0	0	0	0	0	0	0	0	0	0	0	0	0	0	0	0
SM1031_polyA_metaT_scaffold_45_c1_2	SM1031_polyA_metaT_scaffold_45_c1	1524	0	0	0	0	0	0	0	0	0	0	0	0	0	0	0	0	0	0	798	0	0	0	0	0	0	0
SM1031_polyA_metaT_scaffold_46368_c1_1	SM1031_polyA_metaT_scaffold_46368_c1	420	0	0	0	0	0	0	0	0	0	0	0	0	0	0	0	0	0	0	52	0	0	0	0	0	0	0
SM1031_polyA_metaT_scaffold_46_c1_3	SM1031_polyA_metaT_scaffold_46_c1	957	0	0	0	0	193	0	122	0	490	0	0	0	0	0	0	0	0	0	396	0	73	0	0	0	0	0
SM1031_polyA_metaT_scaffold_47_c1_2	SM1031_polyA_metaT_scaffold_47_c1	1242	0	0	0	0	0	0	0	0	251	0	0	0	0	0	0	0	0	0	199	0	0	0	0	0	0	0
SM1031_polyA_metaT_scaffold_48_c1_2	SM1031_polyA_metaT_scaffold_48_c1	1155	0	0	0	0	5761	0	862	0	0	0	0	0	0	0	519	0	9662	0	7754	0	0	0	1070	0	2445	0
SM1031_polyA_metaT_scaffold_4_c1_2	SM1031_polyA_metaT_scaffold_4_c1	5469	0	0	0	0	5122	0	21987	0	0	0	0	0	0	0	542	0	0	0	20185	0	0	0	0	0	0	0
SM1031_polyA_metaT_scaffold_50626_c1_1	SM1031_polyA_metaT_scaffold_50626_c1	405	0	0	0	0	0	0	0	0	0	0	0	0	0	0	0	0	0	0	13	0	0	0	0	0	0	0
SM1031_polyA_metaT_scaffold_58440_c1_1	SM1031_polyA_metaT_scaffold_58440_c1	387	0	0	0	0	0	0	0	0	0	0	0	0	0	0	0	0	0	0	0	0	0	0	0	0	0	0
SM1031_polyA_metaT_scaffold_58_c1_1	SM1031_polyA_metaT_scaffold_58_c1	3081	0	0	0	0	0	0	0	0	0	0	0	0	0	0	0	0	0	0	3198	0	0	0	0	0	0	0
SM1031_polyA_metaT_scaffold_59_c1_1	SM1031_polyA_metaT_scaffold_59_c1	1152	0	0	0	0	0	0	0	0	0	0	0	0	0	0	0	0	0	0	864	0	0	0	0	0	0	0
SM1031_polyA_metaT_scaffold_600_c1_1	SM1031_polyA_metaT_scaffold_600_c1	1602	0	0	0	0	301	0	0	0	0	0	0	0	0	0	0	0	0	0	794	0	0	0	0	0	59	0
SM1031_polyA_metaT_scaffold_633_c1_1	SM1031_polyA_metaT_scaffold_633_c1	1581	0	0	0	0	0	0	0	0	0	0	0	0	0	0	0	0	0	0	154	0	0	0	0	0	0	0
SM1031_polyA_metaT_scaffold_63_c1_2	SM1031_polyA_metaT_scaffold_63_c1	2001	0	0	0	0	0	0	0	0	0	0	0	0	0	0	0	0	0	0	0	0	0	0	0	0	0	0
SM1031_polyA_metaT_scaffold_7007_c1_1	SM1031_polyA_metaT_scaffold_7007_c1	798	0	0	0	0	0	0	0	0	0	0	0	0	0	0	0	0	0	0	0	0	0	0	0	0	0	0
SM1031_polyA_metaT_scaffold_7_c1_1	SM1031_polyA_metaT_scaffold_7_c1	5058	0	0	0	0	0	0	0	0	0	0	0	0	0	0	0	0	0	0	9921	0	10868	0	0	0	0	0
SM1031_polyA_metaT_scaffold_86598_c1_1	SM1031_polyA_metaT_scaffold_86598_c1	336	0	0	0	0	0	0	0	0	0	0	0	0	0	0	0	0	0	0	0	0	0	0	0	0	0	0
SM1031_polyA_metaT_scaffold_8_c1_2	SM1031_polyA_metaT_scaffold_8_c1	4854	0	0	0	0	9404	0	0	0	0	0	0	0	2397	0	0	0	0	0	3201	0	0	0	0	0	9223	0
SM1031_polyA_metaT_scaffold_96590_c1_1	SM1031_polyA_metaT_scaffold_96590_c1	318	0	0	0	0	0	0	0	0	0	0	0	0	0	0	0	0	0	0	0	0	0	0	0	0	0	0
SM1031_polyA_metaT_scaffold_9_c1_1	SM1031_polyA_metaT_scaffold_9_c1	5103	0	0	0	0	0	0	0	0	0	0	0	0	0	0	0	0	0	0	3365	0	0	0	0	0	0	0
SM1050_polyA_metaT_scaffold_11_c1_1	SM1050_polyA_metaT_scaffold_11_c1	5298	0	0	0	0	0	0	0	0	0	0	0	0	0	0	0	0	0	0	0	0	949	0	1219	0	896	0
SM1050_polyA_metaT_scaffold_12_c1_2	SM1050_polyA_metaT_scaffold_12_c1	3423	0	0	0	0	0	0	0	0	0	0	0	0	0	0	0	0	0	0	0	0	950	0	0	0	0	0
SM1050_polyA_metaT_scaffold_13_c1_2	SM1050_polyA_metaT_scaffold_13_c1	1689	0	0	0	0	0	0	0	0	0	0	0	0	0	0	0	0	0	0	138	0	1141	0	354	0	0	0
SM1050_polyA_metaT_scaffold_15_c1_2	SM1050_polyA_metaT_scaffold_15_c1	1890	0	0	0	0	0	0	0	0	0	0	0	0	0	0	0	0	0	0	0	0	4411	0	0	0	0	0
SM1050_polyA_metaT_scaffold_16152_c1_1	SM1050_polyA_metaT_scaffold_16152_c1	822	0	0	0	0	0	0	0	0	0	0	0	0	0	0	0	0	0	0	0	0	0	0	0	0	0	0
SM1050_polyA_metaT_scaffold_169013_c1_1	SM1050_polyA_metaT_scaffold_169013_c1	330	0	0	0	0	0	0	0	0	0	0	0	0	0	0	0	0	0	0	0	0	3784	0	0	0	0	0
SM1050_polyA_metaT_scaffold_17_c1_1	SM1050_polyA_metaT_scaffold_17_c1	4644	0	0	0	0	0	0	0	0	0	0	0	0	0	0	0	0	0	0	0	0	7532	0	0	0	0	0
SM1050_polyA_metaT_scaffold_18098_c1_1	SM1050_polyA_metaT_scaffold_18098_c1	615	0	0	0	0	0	0	0	0	0	0	0	0	0	0	0	0	0	0	0	0	161	0	0	0	0	0
SM1050_polyA_metaT_scaffold_200310_c1_1	SM1050_polyA_metaT_scaffold_200310_c1	303	0	0	0	0	0	0	0	0	0	0	0	0	0	0	0	0	0	0	0	0	0	0	0	0	0	0
SM1050_polyA_metaT_scaffold_21_c1_2	SM1050_polyA_metaT_scaffold_21_c1	4302	0	0	0	0	0	0	0	0	0	0	0	0	0	0	0	0	0	0	0	0	339	0	0	0	0	0
SM1050_polyA_metaT_scaffold_31920_c1_1	SM1050_polyA_metaT_scaffold_31920_c1	639	0	0	0	0	0	0	0	0	0	0	0	0	0	0	0	0	0	0	0	0	0	0	0	0	0	0
SM1050_polyA_metaT_scaffold_31_c1_2	SM1050_polyA_metaT_scaffold_31_c1	1533	0	0	0	0	0	0	0	0	0	0	0	0	0	0	0	0	0	0	0	0	1157	0	187	0	168	0
SM1050_polyA_metaT_scaffold_34_c1_2	SM1050_polyA_metaT_scaffold_34_c1	1530	0	0	0	0	0	0	0	0	0	0	0	0	0	0	0	0	0	0	0	0	0	0	0	0	0	0
SM1050_polyA_metaT_scaffold_38_c1_1	SM1050_polyA_metaT_scaffold_38_c1	3171	0	0	0	0	0	0	1153	0	1252	0	0	0	0	0	703	0	0	0	399	0	6496	0	357	0	1022	0
SM1050_polyA_metaT_scaffold_3_c1_1	SM1050_polyA_metaT_scaffold_3_c1	8193	0	0	0	0	0	0	0	0	0	0	0	0	0	0	0	0	0	0	0	0	16753	0	0	0	0	0
SM1050_polyA_metaT_scaffold_451_c1_1	SM1050_polyA_metaT_scaffold_451_c1	2004	78	0	0	0	146	0	0	0	3554	0	0	0	651	0	0	0	0	0	0	0	8497	0	0	0	0	0
SM1050_polyA_metaT_scaffold_4688_c1_1	SM1050_polyA_metaT_scaffold_4688_c1	1251	0	0	0	0	0	0	0	0	0	0	0	0	0	0	0	0	0	0	0	0	0	0	0	0	0	0
SM1050_polyA_metaT_scaffold_48_c1_4	SM1050_polyA_metaT_scaffold_48_c1	1782	0	0	0	0	0	0	0	0	0	0	0	0	0	0	0	0	0	0	0	0	418	0	0	0	0	0
SM1050_polyA_metaT_scaffold_57_c1_1	SM1050_polyA_metaT_scaffold_57_c1	1113	0	0	0	0	0	0	0	0	0	0	0	0	0	0	191	0	2234	0	143	0	234	0	0	0	0	0
SM1050_polyA_metaT_scaffold_65_c1_1	SM1050_polyA_metaT_scaffold_65_c1	3069	0	0	0	0	442	0	0	0	0	0	1267	0	0	0	0	0	0	0	0	0	888	0	0	0	0	0
SM1050_polyA_metaT_scaffold_67836_c1_1	SM1050_polyA_metaT_scaffold_67836_c1	477	0	0	0	0	0	0	0	0	0	0	0	0	0	0	0	0	0	0	0	0	0	0	0	0	0	0
SM1050_polyA_metaT_scaffold_6_c1_1	SM1050_polyA_metaT_scaffold_6_c1	7005	5057	0	0	0	0	0	0	0	50080	0	0	0	0	0	1149	0	0	0	0	0	32527	0	61093	0	9054	0
SM1050_polyA_metaT_scaffold_73952_c1_1	SM1050_polyA_metaT_scaffold_73952_c1	462	0	0	0	0	0	0	0	0	0	0	0	0	0	0	0	0	0	0	0	0	14	0	0	0	0	0
SM1050_polyA_metaT_scaffold_8821_c1_1	SM1050_polyA_metaT_scaffold_8821_c1	1023	275	0	0	0	0	0	0	0	0	0	319	0	0	0	0	0	0	0	0	0	35	0	0	0	0	0
SM1050_polyA_metaT_scaffold_89506_c1_1	SM1050_polyA_metaT_scaffold_89506_c1	429	0	0	0	0	0	0	0	0	0	0	0	0	0	0	0	0	0	0	0	0	0	0	0	0	0	0
SM1050_polyA_metaT_scaffold_90926_c1_1	SM1050_polyA_metaT_scaffold_90926_c1	423	0	0	0	0	0	0	0	0	0	0	0	0	0	0	0	0	0	0	0	0	0	0	0	0	0	0