﻿Sample_ID,lib_id,data_stream,concentration,volume,yield_ng,soil_extracted_g,normalized_yield,sample_size_qcnumreads,perc_removed_ribosomal,water_category_soft
SM1000_MG_NYYOH_bacterial_scaffold_mapping_98id_primary_refsorted_contam,NYYOH,DNA Bacterial,6.46,100,646,20.84,30.99808061,440165978,0,intermediate
SM1002_MG_NYYOO_bacterial_scaffold_mapping_98id_primary_refsorted_contam,NYYOO,DNA Bacterial,1.98,100,198,20.34,9.734513274,354644416,0,lower
SM1004_MG_NYYOS_bacterial_scaffold_mapping_98id_primary_refsorted_contam,NYYOS,DNA Bacterial,1.87,100,187,20.45,9.144254279,258354536,0,higher
SM1005_MG_NYYOT_bacterial_scaffold_mapping_98id_primary_refsorted_contam,NYYOT,DNA Bacterial,5.69,100,569,20.42,27.86483839,544537504,0,higher
SM1028_MG_NYYPG_bacterial_scaffold_mapping_98id_primary_refsorted_contam,NYYPG,DNA Bacterial,2.45,95,232.75,20,11.6375,334661778,0,lower
SM1030_MG_NYYPN_bacterial_scaffold_mapping_98id_primary_refsorted_contam,NYYPN,DNA Bacterial,5.78,95,549.1,20,27.455,417285900,0,intermediate
SM1031_MG_NYYPO_bacterial_scaffold_mapping_98id_primary_refsorted_contam,NYYPO,DNA Bacterial,11.7,95,1111.5,20.02,55.51948052,435021030,0,higher
SM1050_MG_NYYPP_bacterial_scaffold_mapping_98id_primary_refsorted_contam,NYYPP,DNA Bacterial,5.03,95,477.85,20.12,23.75,454178110,0,intermediate
SM1000_MG_fungal_scaffold_EukFloat_mapping_98id_primary_refsorted_contam,NYYOU,DNA Fungal,30.7,100,3070,0.06,51166.66667,322284056,0,intermediate
SM1001_MG_fungal_scaffold_EukFloat_mapping_98id_primary_refsorted_contam,NYYOW,DNA Fungal,27.9,100,2790,0.05,55800,449608964,0,lower
SM1002_MG_fungal_scaffold_EukFloat_mapping_98id_primary_refsorted_contam,NYYOX,DNA Fungal,32,100,3200,0.07,45714.28571,415176654,0,lower
SM1003_MG_fungal_scaffold_EukFloat_mapping_98id_primary_refsorted_contam,NYYOY,DNA Fungal,11.8,100,1180,0.02,59000,427614766,0,intermediate
SM1004_MG_fungal_scaffold_EukFloat_mapping_98id_primary_refsorted_contam,NYYOZ,DNA Fungal,11.3,100,1130,NA,NA,430040342,0,higher
SM1005_MG_fungal_scaffold_EukFloat_mapping_98id_primary_refsorted_contam,NYYPA,DNA Fungal,19.6,100,1960,0.03,65333.33333,355302386,0,higher
SM1026_MG_fungal_scaffold_EukFloat_mapping_98id_primary_refsorted_contam,NYYPS,DNA Fungal,36.7,95,3486.5,0.099,35217.17172,340442088,0,intermediate
SM1027_MG_fungal_scaffold_EukFloat_mapping_98id_primary_refsorted_contam,NYYPT,DNA Fungal,31.5,95,2992.5,0.08,37406.25,312583086,0,lower
SM1028_MG_fungal_scaffold_EukFloat_mapping_98id_primary_refsorted_contam,NYYPU,DNA Fungal,22.9,95,2175.5,0.093,23392.47312,421745204,0,lower
SM1029_MG_fungal_scaffold_EukFloat_mapping_98id_primary_refsorted_contam,NYYPW,DNA Fungal,30.1,95,2859.5,0.088,32494.31818,342464784,0,lower
SM1030_MG_fungal_scaffold_EukFloat_mapping_98id_primary_refsorted_contam,NYYPX,DNA Fungal,28,95,2660,0.144,18472.22222,445445244,0,intermediate
SM1031_MG_fungal_scaffold_EukFloat_mapping_98id_primary_refsorted_contam,NYYPY,DNA Fungal,33.1,95,3144.5,0.097,32417.52577,427658846,0,higher
SM1050_MG_fungal_scaffold_EukFloat_mapping_98id_primary_refsorted_contam,NYYPZ,DNA Fungal,21.9,95,2080.5,0.092,22614.13043,549439556,0,intermediate
SM1000_MG_virome_NZAGU_scaffold_mapping_98id_primary_refsorted_contam,NZAGU,DNA Virome,6.34,40,253.6,20.81,12.18644882,119172626,0,intermediate
SM1001_MG_virome_NZAGW_scaffold_mapping_98id_primary_refsorted_contam,NZAGW,DNA Virome,OOR,25,NA,20.13,NA,66503964,0,lower
SM1002_MG_virome_NZAGX_scaffold_mapping_98id_primary_refsorted_contam,NZAGX,DNA Virome,0.0071,25,0.1775,20.13,0.008817685,92208462,0,lower
SM1003_MG_virome_NZAGY_scaffold_mapping_98id_primary_refsorted_contam,NZAGY,DNA Virome,0.926,40,37.04,20.9,1.772248804,111410088,0,intermediate
SM1004_MG_virome_NZAGZ_scaffold_mapping_98id_primary_refsorted_contam,NZAGZ,DNA Virome,0.582,40,23.28,20.17,1.15418939,122496514,0,higher
SM1005_MG_virome_NZGWW_scaffold_mapping_98id_primary_refsorted_contam,NZAHA,DNA Virome,1.39,40,55.6,20.68,2.688588008,123729984,0,higher
SM1026_MG_virome_NZAHB_scaffold_mapping_98id_primary_refsorted_contam,NZAHB,DNA Virome,0.135,45,6.075,20.03,0.303295057,98573304,0,intermediate
SM1027_MG_virome_NZAHC_scaffold_mapping_98id_primary_refsorted_contam,NZAHC,DNA Virome,0.0312,45,1.404,20.08,0.069920319,118493438,0,lower
SM1028_MG_virome_NZAHG_scaffold_mapping_98id_primary_refsorted_contam,NZAHG,DNA Virome,0.0592,45,2.664,20,0.1332,158439672,0,lower
SM1029_MG_virome_NZAHH_scaffold_mapping_98id_primary_refsorted_contam,NZAHH,DNA Virome,0.0676,45,3.042,20.04,0.151796407,118930906,0,lower
SM1030_MG_virome_NZAHN_scaffold_mapping_98id_primary_refsorted_contam,NZAHN,DNA Virome,0.117,45,5.265,20.02,0.262987013,89929002,0,intermediate
SM1031_MG_virome_NZAHO_scaffold_mapping_98id_primary_refsorted_contam,NZAHO,DNA Virome,2.1,45,94.5,20.07,4.708520179,130288774,0,higher
SM1050_MG_virome_NZAHP_scaffold_mapping_98id_primary_refsorted_contam,NZAHP,DNA Virome,3.35,45,150.75,20,7.5375,114515514,0,intermediate
SM1000_MT_bulk_rnaseq_abundance,NZANU,RNA Bulk,21.2,25,530,1.09,486.2385321,85779320,10,intermediate
SM1001_MT_bulk_rnaseq_abundance,OBNPY,RNA Bulk,8.94,25,223.5,1.085,205.9907834,80828796,12,lower
SM1002_MT_bulk_rnaseq_abundance,NZANW,RNA Bulk,15,25,375,1.08,347.2222222,152689702,13,lower
SM1003_MT_bulk_rnaseq_abundance,NZANX,RNA Bulk,20,25,500,1.095,456.6210046,164793510,9,intermediate
SM1004_MT_bulk_rnaseq_abundance,NZANY,RNA Bulk,19.4,25,485,1.1,440.9090909,200390884,7,higher
SM1005_MT_bulk_rnaseq_abundance,NZANZ,RNA Bulk,34,25,850,1.08,787.037037,134865270,25,higher
SM1026_MT_bulk_rnaseq_abundance,NZANG,RNA Bulk,24,50,1200,1.0465,1146.679408,348242474,15,intermediate
SM1027_MT_bulk_rnaseq_abundance,NZANH,RNA Bulk,13.4,50,670,1.0195,657.1848946,167469504,8,lower
SM1028_MT_bulk_rnaseq_abundance,NZANN,RNA Bulk,19.2,50,960,1.0215,939.79442,207583026,9,lower
SM1029_MT_bulk_rnaseq_abundance,NZANO,RNA Bulk,22.4,50,1120,1.0275,1090.024331,229302222,8,lower
SM1030_MT_bulk_rnaseq_abundance,NZANP,RNA Bulk,17.4,50,870,1.013,858.8351431,105646138,8,intermediate
SM1031_MT_bulk_rnaseq_abundance,NZANS,RNA Bulk,26.8,50,1340,1.026,1306.042885,96249124,10,higher
SM1050_MT_bulk_rnaseq_abundance,NZANT,RNA Bulk,24.8,50,1240,1.0245,1210.34651,136338218,11,intermediate
SM1000_MT_polyA_rnaseq_abundance,NZGYB,RNA PolyA,21.2,25,530,1.09,486.2385321,128293036,12,intermediate
SM1001_MT_polyA_rnaseq_abundance,OHHCA,RNA PolyA,8.94,25,223.5,1.085,205.9907834,261676808,8,lower
SM1002_MT_polyA_rnaseq_abundance,NZGYC,RNA PolyA,15,25,375,1.08,347.2222222,101474852,10,lower
SM1003_MT_polyA_rnaseq_abundance,NZGYG,RNA PolyA,20,25,500,1.095,456.6210046,151456298,5,intermediate
SM1004_MT_polyA_rnaseq_abundance,NZGYH,RNA PolyA,19.4,25,485,1.1,440.9090909,135653972,7,higher
SM1005_MT_polyA_rnaseq_abundance,NZGYN,RNA PolyA,34,25,850,1.08,787.037037,113613290,19,higher
SM1026_MT_polyA_rnaseq_abundance,NZGXT,RNA PolyA,24,50,1200,1.0465,1146.679408,243449400,10,intermediate
SM1027_MT_polyA_rnaseq_abundance,NZGXU,RNA PolyA,13.4,50,670,1.0195,657.1848946,232810580,9,lower
SM1028_MT_polyA_rnaseq_abundance,NZGXW,RNA PolyA,19.2,50,960,1.0215,939.79442,240674564,10,lower
SM1029_MT_polyA_rnaseq_abundance,NZGXX,RNA PolyA,22.4,50,1120,1.0275,1090.024331,195230500,10,lower
SM1030_MT_polyA_rnaseq_abundance,NZGXY,RNA PolyA,17.4,50,870,1.013,858.8351431,232761364,10,intermediate
SM1031_MT_polyA_rnaseq_abundance,NZGXZ,RNA PolyA,26.8,50,1340,1.026,1306.042885,84244082,7,higher
SM1050_MT_polyA_rnaseq_abundance,NZGYA,RNA PolyA,24.8,50,1240,1.0245,1210.34651,76410988,7,intermediate
SM1000_MT_virome_rnaseq_abundance,NZACW,RNA Virome,0.584,40,23.36,20.81,1.122537242,7354410,87,intermediate
SM1001_MT_virome_rnaseq_abundance,NZACX,RNA Virome,OOR,25,NA,20.13,NA,4917658,84,lower
SM1002_MT_virome_rnaseq_abundance,NZACY,RNA Virome,0.946,40,37.84,20.13,1.879781421,5344312,91,lower
SM1003_MT_virome_rnaseq_abundance,NZACZ,RNA Virome,0.428,40,17.12,20.9,0.819138756,7969126,81,intermediate
SM1004_MT_virome_rnaseq_abundance,NZAGA,RNA Virome,0.44,40,17.6,20.17,0.872583044,13385118,87,higher
SM1005_MT_virome_rnaseq_abundance,NZAGB,RNA Virome,0.42,40,16.8,20.68,0.81237911,14181804,87,higher
SM1026_MT_virome_rnaseq_abundance,NZAGC,RNA Virome,1.83,120,219.6,20.03,10.96355467,7854524,92,intermediate
SM1027_MT_virome_rnaseq_abundance,NZAGG,RNA Virome,0.968,120,116.16,20.08,5.784860558,7497370,91,lower
SM1028_MT_virome_rnaseq_abundance,NZAGH,RNA Virome,1.39,120,166.8,20,8.34,6811058,93,lower
SM1029_MT_virome_rnaseq_abundance,NZAGN,RNA Virome,2.7,120,324,20.04,16.16766467,6948128,91,lower
SM1030_MT_virome_rnaseq_abundance,NZAGO,RNA Virome,1.44,120,172.8,20.02,8.631368631,17293458,89,intermediate
SM1031_MT_virome_rnaseq_abundance,NZAGP,RNA Virome,4.18,120,501.6,20.07,24.99252616,12008934,91,higher
SM1050_MT_virome_rnaseq_abundance,NZAGS,RNA Virome,3.88,120,465.6,20,23.28,11407810,91,intermediate
SM1000_MG_totalDNA_scaffold_mapping_98id_primary_refsorted_contam,IMG_AP-1539256,DNA Total,13.135,100,579.2535,240,2.41355625,432188426,0,intermediate
SM1001_MG_totalDNA_scaffold_mapping_98id_primary_refsorted_contam,IMG_AP-1539258,DNA Total,6.855,100,205.65,250,0.8226,346396708,0,lower
SM1002_MG_totalDNA_scaffold_mapping_98id_primary_refsorted_contam,IMG_AP-1539260,DNA Total,7.835,100,289.1115,250,1.156446,453878892,0,lower
SM1003_MG_totalDNA_scaffold_mapping_98id_primary_refsorted_contam,IMG_AP-1539262,DNA Total,13.23,100,611.226,250,2.444904,282690748,0,intermediate
SM1004_MG_totalDNA_scaffold_mapping_98id_primary_refsorted_contam,IMG_AP-1539264,DNA Total,10.13,100,442.681,250,1.770724,460962898,0,higher
SM1005_MG_totalDNA_scaffold_mapping_98id_primary_refsorted_contam,IMG_AP-1539266,DNA Total,24.66,100,1363.698,250,5.454792,241743754,0,higher
SM1026_MG_totalDNA_scaffold_mapping_98id_primary_refsorted_contam,IMG_AP-1539268,DNA Total,18.215,100,956.2875,250,3.82515,337715738,0,intermediate
SM1027_MG_totalDNA_scaffold_mapping_98id_primary_refsorted_contam,IMG_AP-1539270,DNA Total,6.365,100,222.1385,250,0.888554,538056068,0,lower
SM1028_MG_totalDNA_scaffold_mapping_98id_primary_refsorted_contam,IMG_AP-1539272,DNA Total,7.27,100,266.082,250,1.064328,254560286,0,lower
SM1029_MG_totalDNA_scaffold_mapping_98id_primary_refsorted_contam,IMG_AP-1539274,DNA Total,11.23,100,458.184,250,1.832736,408998296,0,lower
SM1030_MG_totalDNA_scaffold_mapping_98id_primary_refsorted_contam,IMG_AP-1539276,DNA Total,7.27,100,280.622,250,1.122488,302495308,0,intermediate
SM1031_MG_totalDNA_scaffold_mapping_98id_primary_refsorted_contam,IMG_AP-1539278,DNA Total,20.925,100,1056.7125,250,4.22685,705649006,0,higher
SM1050_MG_totalDNA_scaffold_mapping_98id_primary_refsorted_contam,IMG_AP-1539280,DNA Total,17.97,100,1053.042,250,4.212168,319366062,0,intermediate