﻿sample,Catalog,Plot,percent_water_content,Depth_cm,Irrigation,Irrigation,Wheatgrass,Rep,Corer,Date,Season,Notes,Date Extracted,Extractor,Extraction Type,mg soil (+/- 10mg),Final DNA volume uL,Buffer Volume,Sample Volume,Qubit DNA ng/ul,NanoDrop DNA ng/ul
SM1000,SM1000,16,0.1494,5_15,T1,1,Alkar,1,5cm diameter,44852,fall,T1_P16_R1_2022Oct,44896,RWM,Soil,240,100,197,3,16.3,NA
SM1001,SM1001,3,0.1202,5_15,T4,0.25,Alkar,1,5cm diameter,44852,fall,T4_P3_R1_2022Oct,44896,RWM,Soil,250,100,197,3,1.41,NA
SM1002,SM1002,23,0.1264,5_15,T4,0.25,Alkar,1,5cm diameter,44852,fall,T4_P23_R1_2022Oct,44896,RWM,Soil,250,100,197,3,10,NA
SM1003,SM1003,40,0.1437,5_15,T1,1,Jose,1,5cm diameter,44852,fall,T1_P40_R1_2022Oct,44896,RWM,Soil,250,100,197,3,6.33,NA
SM1004,SM1004,42,0.1553,5_15,T1,1,Alkar,1,5cm diameter,44852,fall,T1_P42_R1_2022Oct,44896,RWM,Soil,250,100,197,3,16.3,NA
SM1005,SM1005,58,0.1601,5_15,T4,0.25,Alkar,1,5cm diameter,44852,fall,T4_P58_R1_2022Oct,44896,RWM,Soil,250,100,197,3,10.1,NA
SM1026,SM1026,16,0.1487,5_15,T1,1,Alkar,1,5cm diameter,44992,spring,T1_P16_R1_2023Mar,45015,RWM,Soil,249,100,197,3,5.92,10.428
SM1027,SM1027,3,0.1129,5_15,T4,0.25,Alkar,1,5cm diameter,44992,spring,T4_P3_R1_2023Mar,45051,RWM,Soil_reextract,251,44,198,2,5.28,8.784
SM1028,SM1028,23,0.1114,5_15,T4,0.25,Alkar,1,5cm diameter,44992,spring,T4_P23_R1_2023Mar,45015,RWM,Soil,249,100,197,3,6.62,12.09
SM1029,SM1029,10,0.1269,5_15,T1,1,Alkar,1,5cm diameter,44992,spring,T1_P10_R1_2023Mar,45051,RWM,Soil_reextract,252,44,198,2,15.3,21.168
SM1030,SM1030,42,0.1465,5_15,T1,1,Alkar,1,5cm diameter,44992,spring,T1_P42_R1_2023Mar,45015,RWM,Soil,248,100,197,3,9.87,13.224
SM1031,SM1031,58,0.1675,5_15,T4,0.25,Alkar,1,5cm diameter,44992,spring,T4_P58_R1_2023Mar,45015,RWM,Soil,249,100,197,3,10.9,14.15
SM1050,SM1050,40,0.1331,5_15,T1,1,Jose,1,5cm diameter,44994,spring,T1_P40_R1_2023Mar,45009,RWM,Soil,248,100,197,3,7.07,9.223