scaffold_id	SM1001_MT_polya	SM1002_MT_polya	SM1003_MT_polya	SM1004_MT_polya	SM1000_MT_polya	SM1026_MT_polya	SM1027_MT_polya	SM1028_MT_polya	SM1005_MT_polya	SM1029_MT_polya	SM1030_MT_polya	SM1050_MT_polya	SM1031_MT_polya
SM1000_polyA_metaT_scaffold_11668_c1	0	0	0	0	265	0	0	0	0	0	0	0	0
SM1000_polyA_metaT_scaffold_1177_c1	0	0	0	0	832	521	0	0	0	0	0	0	0
SM1000_polyA_metaT_scaffold_12_c1	0	0	0	0	422431	0	0	0	0	0	0	0	0
SM1000_polyA_metaT_scaffold_13761_c1	0	0	0	0	716	0	0	0	0	0	0	0	0
SM1000_polyA_metaT_scaffold_14_c1	0	0	0	0	13556	15872	0	0	0	0	0	0	0
SM1000_polyA_metaT_scaffold_16_c1	0	2096	0	0	7416	0	0	1668	0	0	0	0	0
SM1000_polyA_metaT_scaffold_17812_c1	0	0	0	0	422	0	0	0	0	0	0	0	0
SM1000_polyA_metaT_scaffold_18577_c1	0	0	0	0	252	0	0	0	0	0	0	0	0
SM1000_polyA_metaT_scaffold_1_c1	0	0	0	0	159704	0	0	0	0	12429	0	0	0
SM1000_polyA_metaT_scaffold_21_c1	0	0	0	0	6292	0	0	0	0	0	0	0	0
SM1000_polyA_metaT_scaffold_22985_c1	0	0	0	0	523	0	0	0	0	0	0	0	0
SM1000_polyA_metaT_scaffold_22_c1	0	0	0	0	68790	0	0	0	0	0	0	0	0
SM1000_polyA_metaT_scaffold_247_c1	0	0	0	0	1768	0	0	0	0	0	0	0	0
SM1000_polyA_metaT_scaffold_24_c1	0	0	0	0	7525	1737	0	0	0	0	0	0	2087
SM1000_polyA_metaT_scaffold_25_c1	0	0	0	0	4307	0	0	0	0	0	0	0	0
SM1000_polyA_metaT_scaffold_29_c1	0	0	0	0	1713	0	0	0	0	0	0	0	0
SM1000_polyA_metaT_scaffold_30_c1	0	0	0	2726	17184	0	0	0	0	7920	7671	1235	3316
SM1000_polyA_metaT_scaffold_32_c1	0	0	0	0	45916	0	0	0	0	0	0	0	0
SM1000_polyA_metaT_scaffold_34_c1	0	0	0	0	1108	0	0	0	0	0	0	0	0
SM1000_polyA_metaT_scaffold_35_c1	0	247	0	0	1340	0	0	0	0	0	0	221	0
SM1000_polyA_metaT_scaffold_3_c1	0	0	0	0	73022	0	0	0	0	0	0	0	0
SM1000_polyA_metaT_scaffold_41_c1	0	0	0	0	27447	0	0	0	0	0	0	0	0
SM1000_polyA_metaT_scaffold_440_c1	0	0	0	0	3307	0	0	0	0	0	0	0	0
SM1000_polyA_metaT_scaffold_4768_c1	0	0	0	0	793	0	0	0	0	0	0	0	0
SM1000_polyA_metaT_scaffold_4_c1	0	0	0	0	102070	0	0	0	0	0	0	0	0
SM1000_polyA_metaT_scaffold_5_c1	0	0	8954	0	132252	0	0	0	0	0	0	877	0
SM1000_polyA_metaT_scaffold_63_c1	0	0	0	0	6939	0	0	0	0	0	0	0	0
SM1000_polyA_metaT_scaffold_65_c1	0	0	0	0	5408	0	0	0	0	0	0	0	0
SM1000_polyA_metaT_scaffold_6_c1	0	0	0	0	63384	21586	0	0	0	0	0	0	0
SM1000_polyA_metaT_scaffold_8958_c1	0	0	0	0	222	0	0	0	0	0	0	0	0
SM1000_polyA_metaT_scaffold_8_c1	0	0	0	0	49651	0	0	0	0	0	0	0	0
SM1000_polyA_metaT_scaffold_9_c1	0	0	0	0	102490	0	0	0	0	0	0	0	0
SM1002_polyA_metaT_scaffold_1083_c1	0	1123	0	0	0	0	0	0	0	0	0	0	0
SM1002_polyA_metaT_scaffold_113_c1	0	6641	0	0	0	0	0	0	0	0	0	0	0
SM1002_polyA_metaT_scaffold_11_c1	0	199546	0	0	0	0	0	0	0	0	0	0	0
SM1002_polyA_metaT_scaffold_1311_c1	0	777	0	0	0	0	0	0	0	0	0	0	0
SM1002_polyA_metaT_scaffold_13912_c1	0	119	0	0	0	0	0	0	0	0	0	0	0
SM1002_polyA_metaT_scaffold_152_c1	0	4365	0	0	0	0	0	0	0	0	0	0	0
SM1002_polyA_metaT_scaffold_1544_c1	0	1855	0	0	0	0	0	0	0	0	0	0	0
SM1002_polyA_metaT_scaffold_15959_c1	810	185	0	0	0	0	0	0	0	0	0	0	0
SM1002_polyA_metaT_scaffold_15_c1	0	1968	0	0	0	0	0	0	0	0	0	0	0
SM1002_polyA_metaT_scaffold_17_c1	0	1416	0	0	0	0	0	0	0	0	0	0	0
SM1002_polyA_metaT_scaffold_22718_c1	0	191	0	0	0	0	0	0	0	0	0	0	0
SM1002_polyA_metaT_scaffold_22_c1	0	4907	0	0	0	0	0	3390	0	0	0	0	0
SM1002_polyA_metaT_scaffold_24_c1	0	1222	0	0	0	0	0	0	0	0	0	0	0
SM1002_polyA_metaT_scaffold_353_c1	0	4063	0	0	0	0	0	0	0	0	0	0	0
SM1002_polyA_metaT_scaffold_36248_c1	0	296	0	0	0	0	0	0	0	0	0	0	0
SM1002_polyA_metaT_scaffold_381_c1	0	2743	0	0	0	0	0	0	0	0	0	0	0
SM1002_polyA_metaT_scaffold_4_c1	0	26366	0	0	0	0	0	0	0	0	0	0	0
SM1002_polyA_metaT_scaffold_56_c1	0	1858	0	0	0	0	0	0	0	0	0	0	0
SM1002_polyA_metaT_scaffold_5_c1	0	31082	0	0	0	0	0	0	0	0	0	0	0
SM1002_polyA_metaT_scaffold_6_c1	0	26582	0	0	0	0	0	0	0	0	0	0	0
SM1002_polyA_metaT_scaffold_72_c1	0	3014	0	0	0	0	0	0	0	0	0	0	0
SM1002_polyA_metaT_scaffold_8727_c1	0	222	0	0	0	0	0	0	0	0	0	0	0
SM1002_polyA_metaT_scaffold_9_c1	0	6757	0	0	0	0	0	0	0	0	0	0	0
SM1003_polyA_metaT_scaffold_10346_c1	0	0	294	0	0	0	0	0	0	0	0	0	0
SM1003_polyA_metaT_scaffold_103513_c1	0	0	105	0	0	0	0	0	0	0	0	0	0
SM1003_polyA_metaT_scaffold_107_c1	0	0	2487	0	0	0	0	0	0	0	0	0	0
SM1003_polyA_metaT_scaffold_109422_c1	0	0	34	0	0	0	0	0	0	0	0	0	0
SM1003_polyA_metaT_scaffold_10_c1	0	0	37132	0	0	0	0	0	0	0	0	0	0
SM1003_polyA_metaT_scaffold_11_c1	0	0	13624	0	0	0	0	0	0	0	0	0	0
SM1003_polyA_metaT_scaffold_12_c1	0	0	3018	0	0	0	0	0	0	0	0	0	0
SM1003_polyA_metaT_scaffold_1313_c1	265	0	702	0	0	0	0	0	0	0	0	0	0
SM1003_polyA_metaT_scaffold_143_c1	0	0	2893	0	0	0	0	0	0	0	0	0	0
SM1003_polyA_metaT_scaffold_15194_c1	121	0	552	179	0	0	0	0	0	0	0	0	0
SM1003_polyA_metaT_scaffold_15475_c1	0	0	300	0	0	0	0	0	0	0	0	0	0
SM1003_polyA_metaT_scaffold_1561_c1	0	0	1662	0	0	0	0	0	0	0	0	0	0
SM1003_polyA_metaT_scaffold_16291_c1	0	0	501	0	0	0	0	0	0	0	0	0	0
SM1003_polyA_metaT_scaffold_165611_c1	0	0	31	22	0	0	0	0	0	0	0	0	0
SM1003_polyA_metaT_scaffold_169763_c1	0	0	118	0	0	0	0	0	0	0	0	0	0
SM1003_polyA_metaT_scaffold_17_c1	0	0	19736	0	0	0	0	0	0	0	0	0	0
SM1003_polyA_metaT_scaffold_18_c1	564	0	1326	360	796	0	1175	0	0	0	0	0	0
SM1003_polyA_metaT_scaffold_1_c1	0	0	34816	0	0	0	0	0	0	0	0	0	0
SM1003_polyA_metaT_scaffold_21_c1	3230	0	5879	4240	6863	0	15498	0	0	0	2887	0	0
SM1003_polyA_metaT_scaffold_23_c1	2108	0	10385	4947	6895	0	10609	0	0	0	0	0	0
SM1003_polyA_metaT_scaffold_2407_c1	0	0	220	0	0	0	0	0	0	0	0	0	0
SM1003_polyA_metaT_scaffold_25399_c1	109	0	149	0	0	0	0	0	0	0	0	0	0
SM1003_polyA_metaT_scaffold_25_c1	0	0	1238	0	0	0	0	0	3325	0	0	0	0
SM1003_polyA_metaT_scaffold_2694_c1	0	0	1102	231	0	0	0	0	0	0	385	0	0
SM1003_polyA_metaT_scaffold_27046_c1	0	0	142	0	0	0	0	0	0	0	0	0	0
SM1003_polyA_metaT_scaffold_29_c1	0	0	13250	11812	0	0	0	0	5761	0	0	0	0
SM1003_polyA_metaT_scaffold_30_c1	0	0	1443	0	0	0	0	0	0	0	0	0	0
SM1003_polyA_metaT_scaffold_32_c1	0	0	2746	0	0	0	0	0	0	0	0	0	0
SM1003_polyA_metaT_scaffold_34_c1	475	0	1268	565	0	0	543	0	0	0	530	0	0
SM1003_polyA_metaT_scaffold_37_c1	0	0	638	0	0	0	0	0	0	0	0	0	0
SM1003_polyA_metaT_scaffold_3_c1	0	0	47816	0	0	0	0	0	0	0	0	0	0
SM1003_polyA_metaT_scaffold_40152_c1	0	0	103	0	0	0	0	0	0	0	0	0	0
SM1003_polyA_metaT_scaffold_45855_c1	0	0	59	0	0	0	0	0	0	0	0	0	0
SM1003_polyA_metaT_scaffold_48812_c1	0	0	211	0	0	567	0	0	0	0	0	0	0
SM1003_polyA_metaT_scaffold_4_c1	0	0	6852	5047	9514	17673	11788	0	10551	0	2841	0	0
SM1003_polyA_metaT_scaffold_5329_c1	0	0	252	157	0	0	0	0	0	0	0	0	0
SM1003_polyA_metaT_scaffold_5807_c1	0	0	780	0	0	0	0	0	0	0	0	0	0
SM1003_polyA_metaT_scaffold_58614_c1	0	0	172	0	0	0	0	0	0	0	0	0	0
SM1003_polyA_metaT_scaffold_59303_c1	54	0	102	0	0	0	115	0	0	0	0	0	0
SM1003_polyA_metaT_scaffold_6771_c1	0	0	371	0	0	0	0	0	0	0	0	0	0
SM1003_polyA_metaT_scaffold_6937_c1	0	0	589	0	0	0	532	0	0	0	0	0	0
SM1003_polyA_metaT_scaffold_70922_c1	0	0	180	0	0	0	0	0	0	0	0	0	0
SM1003_polyA_metaT_scaffold_78628_c1	91	0	88	0	0	0	0	0	0	0	0	0	0
SM1003_polyA_metaT_scaffold_855_c1	0	0	6269	0	0	0	0	0	0	0	0	0	0
SM1003_polyA_metaT_scaffold_87475_c1	0	0	101	0	0	0	0	0	0	0	0	0	0
SM1003_polyA_metaT_scaffold_8_c1	0	0	5745	0	0	0	0	0	0	0	0	0	0
SM1003_polyA_metaT_scaffold_90208_c1	0	0	103	0	0	0	0	0	0	0	0	0	0
SM1003_polyA_metaT_scaffold_95_c1	0	0	379	0	0	0	0	0	0	0	377	0	0
SM1004_polyA_metaT_scaffold_102670_c1	0	0	0	73	0	0	0	0	0	0	0	0	0
SM1004_polyA_metaT_scaffold_105291_c1	0	0	0	55	0	0	0	0	0	0	0	0	0
SM1004_polyA_metaT_scaffold_10_c1	0	0	0	43660	0	0	0	0	0	0	0	0	0
SM1004_polyA_metaT_scaffold_12_c1	0	0	0	6021	0	0	0	0	0	0	0	0	0
SM1004_polyA_metaT_scaffold_13_c1	0	0	0	12911	0	0	0	0	0	7358	0	0	0
SM1004_polyA_metaT_scaffold_148562_c1	0	0	0	100	0	0	0	0	0	0	0	0	0
SM1004_polyA_metaT_scaffold_15330_c1	0	0	0	339	0	0	0	0	0	0	0	0	0
SM1004_polyA_metaT_scaffold_154118_c1	81	0	0	51	0	0	0	0	0	0	0	0	0
SM1004_polyA_metaT_scaffold_15_c1	0	0	0	26268	0	6880	0	0	0	0	760	0	0
SM1004_polyA_metaT_scaffold_17353_c1	0	0	0	249	0	919	0	0	0	0	0	0	0
SM1004_polyA_metaT_scaffold_176778_c1	0	0	44	92	0	0	0	0	0	0	0	0	0
SM1004_polyA_metaT_scaffold_18_c1	0	0	0	3847	0	0	0	0	0	0	989	0	0
SM1004_polyA_metaT_scaffold_19_c1	0	0	0	1107	0	0	0	0	0	0	1062	0	0
SM1004_polyA_metaT_scaffold_2180_c1	0	0	0	909	0	0	0	0	2225	0	0	0	0
SM1004_polyA_metaT_scaffold_22_c1	0	0	659	632	7657	4345	1821	3793	17524	1804	0	290	10649
SM1004_polyA_metaT_scaffold_2660_c1	0	0	0	478	270	0	0	0	0	0	0	0	0
SM1004_polyA_metaT_scaffold_26823_c1	0	0	0	201	0	0	0	0	0	0	0	0	0
SM1004_polyA_metaT_scaffold_2743_c1	0	0	0	790	0	0	0	0	0	0	0	0	0
SM1004_polyA_metaT_scaffold_2787_c1	0	0	0	697	0	0	0	0	0	0	0	0	0
SM1004_polyA_metaT_scaffold_28_c1	0	0	0	1712	0	0	0	0	0	0	0	0	0
SM1004_polyA_metaT_scaffold_29_c1	0	0	0	38021	0	0	0	0	0	0	5420	0	0
SM1004_polyA_metaT_scaffold_2_c1	0	0	0	58357	0	0	0	0	0	0	0	0	0
SM1004_polyA_metaT_scaffold_312_c1	0	0	1188	3206	0	0	0	0	0	0	0	0	0
SM1004_polyA_metaT_scaffold_32616_c1	0	0	0	201	0	0	256	0	0	0	0	0	0
SM1004_polyA_metaT_scaffold_34887_c1	0	0	0	139	0	0	0	0	0	0	0	0	0
SM1004_polyA_metaT_scaffold_41_c1	0	0	404	989	0	0	0	0	0	0	0	0	0
SM1004_polyA_metaT_scaffold_46489_c1	0	0	0	207	0	0	0	545	0	0	0	0	0
SM1004_polyA_metaT_scaffold_49553_c1	0	0	0	103	0	0	0	0	0	0	0	0	0
SM1004_polyA_metaT_scaffold_4_c1	0	0	0	31739	0	0	0	0	0	0	0	0	0
SM1004_polyA_metaT_scaffold_57792_c1	0	0	0	119	0	0	0	0	0	0	0	0	0
SM1004_polyA_metaT_scaffold_5856_c1	0	0	0	180	0	0	0	0	0	0	0	0	0
SM1004_polyA_metaT_scaffold_58_c1	0	0	0	508	0	0	0	0	0	0	0	0	0
SM1004_polyA_metaT_scaffold_595_c1	0	0	0	3945	0	0	0	0	0	0	0	0	0
SM1004_polyA_metaT_scaffold_5_c1	0	0	2439841	1222876	0	0	0	0	0	0	1265394	280672	0
SM1004_polyA_metaT_scaffold_64437_c1	0	0	0	108	0	0	0	0	0	0	0	0	0
SM1004_polyA_metaT_scaffold_6936_c1	0	0	0	836	0	0	0	0	0	0	0	0	0
SM1004_polyA_metaT_scaffold_78_c1	0	0	0	9238	0	0	0	0	0	0	0	0	0
SM1004_polyA_metaT_scaffold_7_c1	0	0	527104	84855	0	0	0	0	0	0	919310	0	0
SM1004_polyA_metaT_scaffold_82885_c1	0	0	0	97	0	0	0	0	0	0	0	0	0
SM1004_polyA_metaT_scaffold_84190_c1	0	0	0	101	0	0	0	0	0	0	0	0	0
SM1004_polyA_metaT_scaffold_938_c1	0	0	0	616	0	0	0	0	0	2127	0	0	0
SM1004_polyA_metaT_scaffold_94_c1	0	0	0	828	0	0	0	0	0	0	0	0	0
SM1004_polyA_metaT_scaffold_9_c1	0	0	0	27428	0	0	0	0	0	0	37810	0	0
SM1005_polyA_metaT_scaffold_10_c1	0	0	0	0	0	0	0	0	5346	0	0	0	0
SM1005_polyA_metaT_scaffold_13728_c1	0	0	0	0	0	0	0	0	374	0	0	0	0
SM1005_polyA_metaT_scaffold_14235_c1	0	0	0	0	0	0	0	0	212	0	0	0	0
SM1005_polyA_metaT_scaffold_15_c1	0	0	0	0	34136	0	0	0	3480	0	0	0	0
SM1005_polyA_metaT_scaffold_21910_c1	0	0	0	0	0	0	0	0	267	0	0	0	0
SM1005_polyA_metaT_scaffold_23643_c1	0	0	0	0	0	0	0	0	338	0	0	0	0
SM1005_polyA_metaT_scaffold_3285_c1	0	0	0	0	0	0	0	0	711	0	0	0	0
SM1005_polyA_metaT_scaffold_6688_c1	0	0	0	0	0	0	0	0	403	0	0	0	0
SM1005_polyA_metaT_scaffold_6_c1	0	0	0	0	0	0	0	0	6980	0	0	0	0
SM1005_polyA_metaT_scaffold_826_c1	0	0	0	0	0	0	0	0	445	0	0	0	0
SM1005_polyA_metaT_scaffold_8944_c1	0	0	0	0	0	0	0	0	332	0	0	0	0
SM1005_polyA_metaT_scaffold_9231_c1	0	0	0	0	0	0	0	0	550	0	0	0	0
SM1026_polyA_metaT_scaffold_12_c1	0	0	0	0	0	19099	0	0	0	0	0	0	0
SM1026_polyA_metaT_scaffold_142_c1	0	0	0	326	0	10395	0	0	0	0	0	0	941
SM1026_polyA_metaT_scaffold_1689_c1	0	0	0	0	0	1955	0	0	0	0	0	0	0
SM1026_polyA_metaT_scaffold_17_c1	0	0	0	0	0	20986	0	0	0	0	0	0	0
SM1026_polyA_metaT_scaffold_1_c1	0	0	0	1063	9362	207004	0	0	0	0	0	0	9200
SM1026_polyA_metaT_scaffold_2179_c1	0	0	0	0	0	1606	0	0	0	0	0	0	0
SM1026_polyA_metaT_scaffold_2281_c1	0	0	0	0	0	1270	0	0	0	0	0	0	0
SM1026_polyA_metaT_scaffold_23_c1	760	0	0	0	0	6536	0	609	0	2359	0	0	0
SM1026_polyA_metaT_scaffold_24361_c1	0	0	0	0	0	366	0	0	0	0	0	0	0
SM1026_polyA_metaT_scaffold_248_c1	0	0	0	0	0	15719	0	0	0	2018	0	0	519
SM1026_polyA_metaT_scaffold_25_c1	0	0	0	0	0	1578	0	0	0	0	0	0	0
SM1026_polyA_metaT_scaffold_27_c1	0	0	0	0	0	5351	0	0	0	0	0	0	0
SM1026_polyA_metaT_scaffold_2_c1	0	0	0	0	0	64404	0	9850	0	0	0	1286	2166
SM1026_polyA_metaT_scaffold_31_c1	0	0	0	0	0	8289	0	0	0	0	0	0	0
SM1026_polyA_metaT_scaffold_34_c1	0	0	0	0	0	9356	0	0	0	0	0	0	0
SM1026_polyA_metaT_scaffold_35665_c1	0	0	0	0	0	408	0	0	0	0	0	0	0
SM1026_polyA_metaT_scaffold_35970_c1	87	0	0	0	0	321	0	0	0	0	0	0	0
SM1026_polyA_metaT_scaffold_43473_c1	0	0	0	0	0	361	0	0	0	0	0	0	0
SM1026_polyA_metaT_scaffold_501_c1	0	0	0	0	0	11388	0	0	0	0	0	0	0
SM1026_polyA_metaT_scaffold_5467_c1	0	0	0	0	549	699	0	0	0	0	0	0	0
SM1026_polyA_metaT_scaffold_58_c1	0	0	0	0	0	2627	0	0	0	0	0	0	0
SM1026_polyA_metaT_scaffold_59687_c1	0	0	0	0	0	359	0	0	0	0	0	0	0
SM1026_polyA_metaT_scaffold_5_c1	0	0	0	0	0	82198	0	0	0	0	0	0	0
SM1026_polyA_metaT_scaffold_7_c1	0	0	0	0	0	9725	0	0	0	0	0	0	0
SM1026_polyA_metaT_scaffold_8_c1	0	0	0	14562	0	59696	0	0	0	0	7830	0	0
SM1026_polyA_metaT_scaffold_9_c1	0	0	0	0	0	21437	0	0	0	2202	0	499	0
SM1027_polyA_metaT_scaffold_10_c1	0	0	0	0	0	0	17870	0	0	0	0	0	0
SM1027_polyA_metaT_scaffold_11149_c1	0	0	0	0	0	0	711	0	0	0	0	0	0
SM1027_polyA_metaT_scaffold_11712_c1	735	0	0	0	0	0	611	0	0	0	0	0	0
SM1027_polyA_metaT_scaffold_11898_c1	270	0	0	0	0	0	792	0	0	0	0	0	0
SM1027_polyA_metaT_scaffold_12_c1	3013	0	1306	1348	2684	6309	9978	0	0	0	998	0	0
SM1027_polyA_metaT_scaffold_15_c1	16857	0	0	0	3213	0	3295	1100	0	0	0	0	0
SM1027_polyA_metaT_scaffold_16336_c1	0	0	0	0	0	0	471	0	0	0	0	0	0
SM1027_polyA_metaT_scaffold_16_c1	1459	0	1309	313	896	2991	4190	0	0	0	0	0	0
SM1027_polyA_metaT_scaffold_19784_c1	0	0	0	0	0	0	390	0	0	0	0	0	0
SM1027_polyA_metaT_scaffold_19_c1	0	0	0	2684	0	0	14337	0	0	0	992	0	0
SM1027_polyA_metaT_scaffold_1_c1	28110	0	0	0	0	0	562352	33896	0	0	0	0	0
SM1027_polyA_metaT_scaffold_2614_c1	11625	1018	0	0	0	0	1685	1040	0	0	0	0	0
SM1027_polyA_metaT_scaffold_28361_c1	0	0	0	0	0	0	214	0	0	0	0	0	0
SM1027_polyA_metaT_scaffold_28_c1	0	0	0	0	0	0	6143	0	0	0	0	0	0
SM1027_polyA_metaT_scaffold_30_c1	49153	0	0	0	0	0	40028	0	0	0	0	0	0
SM1027_polyA_metaT_scaffold_33_c1	0	0	0	0	0	0	41547	0	0	0	0	0	0
SM1027_polyA_metaT_scaffold_34_c1	832	0	0	0	0	0	69114	0	0	0	0	0	0
SM1027_polyA_metaT_scaffold_3620_c1	0	0	0	0	0	0	687	0	0	0	0	0	0
SM1027_polyA_metaT_scaffold_43203_c1	0	0	0	0	0	0	218	0	0	0	0	0	0
SM1027_polyA_metaT_scaffold_4_c1	73333	0	0	0	0	0	34679	0	0	0	0	0	0
SM1027_polyA_metaT_scaffold_53783_c1	0	0	0	0	0	0	261	0	0	0	0	0	0
SM1027_polyA_metaT_scaffold_5_c1_1_1_7363	129913	0	0	0	58328	12009	58137	0	0	0	0	0	0
SM1027_polyA_metaT_scaffold_6_c1	0	0	0	0	0	0	19191	0	0	0	0	0	0
SM1027_polyA_metaT_scaffold_82196_c1	0	0	0	0	0	0	168	0	0	0	0	0	0
SM1027_polyA_metaT_scaffold_85947_c1	0	0	0	0	0	0	424	0	0	0	0	0	0
SM1027_polyA_metaT_scaffold_8_c1	35281	0	0	0	0	0	91719	0	0	0	0	0	4538
SM1027_polyA_metaT_scaffold_9_c1	0	0	0	0	0	4169	8822	0	0	5834	0	0	0
SM1028_polyA_metaT_scaffold_10_c1	0	0	0	0	0	0	0	264378	0	0	0	0	0
SM1028_polyA_metaT_scaffold_120598_c1	27	0	0	0	0	0	0	125	0	0	0	0	0
SM1028_polyA_metaT_scaffold_12068_c1	0	0	0	249	0	0	0	0	0	0	0	0	0
SM1028_polyA_metaT_scaffold_12_c1	0	0	0	0	0	0	0	38471	0	0	0	0	0
SM1028_polyA_metaT_scaffold_13532_c1	0	0	0	0	0	0	0	476	0	0	0	0	0
SM1028_polyA_metaT_scaffold_13_c1	0	0	0	0	0	0	0	9072	0	0	0	0	730
SM1028_polyA_metaT_scaffold_1410_c1	0	0	0	0	0	0	0	659	0	0	0	0	171
SM1028_polyA_metaT_scaffold_149338_c1	0	0	0	0	0	0	0	205	0	0	0	0	0
SM1028_polyA_metaT_scaffold_14_c1	0	0	0	0	0	0	0	4688	0	0	0	0	0
SM1028_polyA_metaT_scaffold_15_c1	0	0	0	0	0	0	0	4487	0	0	0	0	0
SM1028_polyA_metaT_scaffold_164336_c1	0	0	0	0	0	0	0	70	0	0	0	0	0
SM1028_polyA_metaT_scaffold_18_c1	0	0	0	0	0	0	0	16989	0	0	0	0	0
SM1028_polyA_metaT_scaffold_197250_c1	0	0	0	0	0	0	0	120	0	0	0	0	0
SM1028_polyA_metaT_scaffold_20_c1	0	0	0	0	0	0	0	2964	0	0	0	0	0
SM1028_polyA_metaT_scaffold_2167_c1	0	0	466	0	0	0	0	5450	0	0	0	554	0
SM1028_polyA_metaT_scaffold_24946_c1	0	0	0	0	0	0	0	500	0	1128	0	0	0
SM1028_polyA_metaT_scaffold_25_c1	0	0	0	0	0	0	0	10288	0	0	0	0	0
SM1028_polyA_metaT_scaffold_26_c1	0	0	0	0	0	0	0	16023	0	3075	0	0	0
SM1028_polyA_metaT_scaffold_277_c1	0	0	0	0	0	0	0	5493	0	0	0	0	0
SM1028_polyA_metaT_scaffold_29_c1	0	16039	0	0	40014	0	0	52461	45523	30287	0	2801	20249
SM1028_polyA_metaT_scaffold_3036_c1	0	0	0	0	0	0	0	1471	0	0	0	0	0
SM1028_polyA_metaT_scaffold_30429_c1	0	0	0	0	0	0	0	407	0	0	0	0	0
SM1028_polyA_metaT_scaffold_3578_c1	0	0	0	0	0	0	0	3027	0	0	0	0	699
SM1028_polyA_metaT_scaffold_35_c1	0	0	0	0	0	1550	0	1235	0	0	0	0	0
SM1028_polyA_metaT_scaffold_36197_c1	0	0	0	0	0	0	0	343	0	0	0	0	0
SM1028_polyA_metaT_scaffold_36994_c1	0	0	0	0	0	0	0	352	0	0	0	0	0
SM1028_polyA_metaT_scaffold_39_c1	0	0	0	0	2562	0	0	7073	0	0	0	0	0
SM1028_polyA_metaT_scaffold_3_c1	0	0	0	0	0	8613	0	2025	0	0	0	0	455
SM1028_polyA_metaT_scaffold_41_c1	0	0	0	0	0	0	0	4563	0	0	0	0	0
SM1028_polyA_metaT_scaffold_45_c1	0	0	0	0	0	0	0	1327	0	0	0	0	0
SM1028_polyA_metaT_scaffold_4796_c1	0	0	0	0	0	0	0	352	0	0	0	0	0
SM1028_polyA_metaT_scaffold_47_c1	0	0	0	0	0	0	0	4427	0	0	0	0	0
SM1028_polyA_metaT_scaffold_4_c1	2122	0	0	0	0	0	0	10800	0	0	0	0	0
SM1028_polyA_metaT_scaffold_51208_c1	0	0	0	0	0	0	0	351	0	0	0	0	0
SM1028_polyA_metaT_scaffold_5_c1	0	0	0	0	0	0	0	3285	0	0	0	0	0
SM1028_polyA_metaT_scaffold_68_c1	0	0	0	0	1250	0	2017	9061	0	0	0	0	0
SM1028_polyA_metaT_scaffold_6_c1	0	0	0	0	0	0	0	6543	0	0	0	0	0
SM1028_polyA_metaT_scaffold_73_c1	0	0	0	0	0	0	0	4246	0	0	0	0	0
SM1028_polyA_metaT_scaffold_74216_c1	0	0	0	0	0	0	0	267	0	213	0	0	0
SM1028_polyA_metaT_scaffold_87_c1	0	0	0	0	0	0	0	4800	0	0	0	0	0
SM1028_polyA_metaT_scaffold_902_c1	0	0	0	0	1324	0	0	2433	0	0	0	0	0
SM1029_polyA_metaT_scaffold_166_c1	0	0	0	0	0	0	0	0	0	11760	0	0	0
SM1029_polyA_metaT_scaffold_16_c1	0	0	0	0	0	0	0	0	0	8531	0	0	0
SM1029_polyA_metaT_scaffold_176_c1	0	0	0	0	0	0	0	0	0	812	0	0	0
SM1029_polyA_metaT_scaffold_17_c1	0	0	0	0	0	0	0	0	0	27658	0	0	0
SM1029_polyA_metaT_scaffold_18329_c1	0	0	0	0	0	0	0	0	0	590	0	0	0
SM1029_polyA_metaT_scaffold_20267_c1	0	0	0	0	0	0	0	0	0	946	0	0	0
SM1029_polyA_metaT_scaffold_21401_c1	0	0	0	0	0	0	0	0	0	138	0	0	0
SM1029_polyA_metaT_scaffold_245_c1	0	0	0	0	0	0	0	0	0	3536	0	0	0
SM1029_polyA_metaT_scaffold_26_c1	0	0	0	0	0	0	0	0	0	19506	1387	0	0
SM1029_polyA_metaT_scaffold_27359_c1	0	0	0	0	0	0	0	0	0	212	0	0	0
SM1029_polyA_metaT_scaffold_297_c1	0	0	0	0	0	0	0	0	0	2564	0	0	0
SM1029_polyA_metaT_scaffold_2_c1	0	973690	0	0	0	0	0	6129	0	613224	11734	0	0
SM1029_polyA_metaT_scaffold_31818_c1	0	0	0	0	0	0	0	0	0	516	0	0	0
SM1029_polyA_metaT_scaffold_3_c1	0	0	0	0	0	0	0	12561	0	38229	0	0	10969
SM1029_polyA_metaT_scaffold_41_c1	0	0	0	0	0	0	0	0	0	7721	0	0	0
SM1029_polyA_metaT_scaffold_55_c1	0	0	0	0	0	0	0	0	0	13323	0	0	0
SM1029_polyA_metaT_scaffold_574_c1	0	0	0	0	0	0	0	0	0	2622	0	0	0
SM1029_polyA_metaT_scaffold_63630_c1	0	0	0	0	0	0	0	0	0	131	0	0	0
SM1029_polyA_metaT_scaffold_689_c1	0	0	0	0	0	0	0	0	0	3730	0	0	0
SM1029_polyA_metaT_scaffold_72654_c1	0	0	0	0	0	0	0	0	0	44	0	0	0
SM1029_polyA_metaT_scaffold_81271_c1	0	0	0	0	0	0	0	0	0	343	0	0	0
SM1029_polyA_metaT_scaffold_81_c1	0	0	0	0	0	0	1140	0	0	1565	0	0	0
SM1029_polyA_metaT_scaffold_8422_c1	0	0	0	0	0	0	0	0	0	873	0	0	0
SM1029_polyA_metaT_scaffold_92197_c1	0	0	0	0	0	0	0	0	0	133	0	0	0
SM1029_polyA_metaT_scaffold_9921_c1	0	0	0	0	0	0	0	0	0	688	0	0	0
SM1030_polyA_metaT_scaffold_103500_c1	0	0	0	0	0	0	0	0	0	0	46	0	0
SM1030_polyA_metaT_scaffold_111_c1	0	0	0	0	0	0	0	0	0	0	5816	0	0
SM1030_polyA_metaT_scaffold_12_c1	0	0	0	6295	0	0	0	0	0	0	110954	0	0
SM1030_polyA_metaT_scaffold_159_c1	0	0	0	317	0	0	0	0	0	0	1035	0	0
SM1030_polyA_metaT_scaffold_176752_c1	0	0	0	0	0	0	0	0	0	0	74	0	0
SM1030_polyA_metaT_scaffold_18_c1	0	0	0	0	0	0	0	0	0	0	950	0	0
SM1030_polyA_metaT_scaffold_19_c1	0	0	0	0	0	0	0	0	0	0	4423	0	0
SM1030_polyA_metaT_scaffold_21_c1	0	0	0	0	0	0	0	0	0	0	51720	0	0
SM1030_polyA_metaT_scaffold_226_c1	1255	0	314	577	0	0	0	0	0	2048	7060	522	0
SM1030_polyA_metaT_scaffold_24405_c1	0	0	0	0	0	0	0	0	0	0	289	0	0
SM1030_polyA_metaT_scaffold_24_c1	0	0	1129	1564	0	0	0	0	0	12798	5143	0	7018
SM1030_polyA_metaT_scaffold_28_c1	0	0	0	0	0	0	0	0	0	0	3344	0	0
SM1030_polyA_metaT_scaffold_34304_c1	0	0	0	84	0	0	0	0	0	0	188	0	0
SM1030_polyA_metaT_scaffold_34_c1	0	0	0	0	0	0	0	0	0	0	2349	0	0
SM1030_polyA_metaT_scaffold_53_c1	0	1357	0	0	0	0	0	0	0	0	9540	290	972
SM1030_polyA_metaT_scaffold_7852_c1	0	0	0	0	0	0	0	0	0	0	716	0	0
SM1030_polyA_metaT_scaffold_7_c1	0	0	0	0	0	0	0	0	0	0	48768	0	0
SM1030_polyA_metaT_scaffold_80342_c1	0	0	0	0	0	0	0	0	0	0	206	0	0
SM1030_polyA_metaT_scaffold_91_c1	0	0	476	0	0	0	0	0	0	0	3062	0	0
SM1031_polyA_metaT_scaffold_105949_c1	0	0	0	0	0	0	0	0	0	0	0	0	66
SM1031_polyA_metaT_scaffold_10_c1	0	0	0	0	0	0	0	0	0	0	0	0	9327
SM1031_polyA_metaT_scaffold_1296_c1	0	0	0	0	0	0	0	0	0	0	0	0	549
SM1031_polyA_metaT_scaffold_12_c1	0	0	0	0	0	0	0	0	0	0	0	0	5970
SM1031_polyA_metaT_scaffold_14239_c1	0	0	0	0	0	0	0	0	0	0	0	0	384
SM1031_polyA_metaT_scaffold_14520_c1	0	0	0	0	0	0	0	0	0	0	0	0	182
SM1031_polyA_metaT_scaffold_14_c1	0	0	0	0	0	0	0	0	0	0	0	0	3731
SM1031_polyA_metaT_scaffold_15_c1	0	0	0	0	0	0	0	0	0	0	0	0	22826
SM1031_polyA_metaT_scaffold_16298_c1	0	0	0	0	0	0	0	0	0	0	0	0	121
SM1031_polyA_metaT_scaffold_169_c1	0	0	0	0	0	0	0	0	0	0	0	0	2699
SM1031_polyA_metaT_scaffold_16_c1	0	0	0	0	0	0	0	0	11510	0	0	0	6326
SM1031_polyA_metaT_scaffold_17_c1	0	0	0	0	0	0	0	0	0	0	0	0	13046
SM1031_polyA_metaT_scaffold_18_c1	0	0	0	0	0	0	0	0	0	0	0	0	15453
SM1031_polyA_metaT_scaffold_19_c1	0	0	0	0	0	0	0	0	0	0	6545	0	9085
SM1031_polyA_metaT_scaffold_20_c1	0	0	0	0	0	0	0	0	0	0	0	0	2937
SM1031_polyA_metaT_scaffold_22341_c1	0	0	0	0	0	0	0	0	0	0	0	0	134
SM1031_polyA_metaT_scaffold_23471_c1	0	0	0	0	0	0	0	0	0	0	0	0	162
SM1031_polyA_metaT_scaffold_2378_c1	0	0	0	0	0	0	0	0	0	0	0	0	444
SM1031_polyA_metaT_scaffold_23_c1	0	0	0	0	0	0	0	0	0	0	0	0	3231
SM1031_polyA_metaT_scaffold_24_c1	0	1821	0	0	0	0	0	1268	0	0	0	571	2581
SM1031_polyA_metaT_scaffold_2636_c1	0	0	0	0	0	0	0	0	0	0	0	0	436
SM1031_polyA_metaT_scaffold_264_c1	0	0	0	0	0	0	0	0	0	0	0	0	1367
SM1031_polyA_metaT_scaffold_26_c1	0	0	0	0	0	0	0	0	0	0	0	0	53069
SM1031_polyA_metaT_scaffold_28_c1	0	0	0	0	0	0	0	0	0	0	0	0	1820
SM1031_polyA_metaT_scaffold_29_c1	0	0	5822	0	0	0	0	0	0	0	12447	0	19528
SM1031_polyA_metaT_scaffold_2_c1	0	0	0	0	0	0	0	0	0	0	0	0	29496
SM1031_polyA_metaT_scaffold_31_c1	0	0	0	0	21100	0	0	0	0	0	0	0	1068
SM1031_polyA_metaT_scaffold_35_c1	0	0	0	0	0	0	0	0	0	0	0	0	956
SM1031_polyA_metaT_scaffold_36_c1	0	0	0	0	0	0	0	0	2947	0	0	0	2431
SM1031_polyA_metaT_scaffold_38_c1	0	0	0	1681	0	0	0	0	12132	0	0	0	5442
SM1031_polyA_metaT_scaffold_39_c1	0	0	0	0	0	0	0	0	0	0	0	0	1446
SM1031_polyA_metaT_scaffold_42_c1	0	0	0	0	0	0	0	7747	0	0	0	0	1439
SM1031_polyA_metaT_scaffold_45_c1	0	0	0	0	0	0	0	0	0	0	0	0	2040
SM1031_polyA_metaT_scaffold_46368_c1	0	0	0	0	0	0	0	0	0	0	0	0	90
SM1031_polyA_metaT_scaffold_46_c1	0	0	0	0	0	0	0	0	0	0	0	99	1108
SM1031_polyA_metaT_scaffold_47_c1	0	0	0	0	0	0	0	0	0	0	0	0	1774
SM1031_polyA_metaT_scaffold_48_c1	0	0	0	522	0	0	0	0	961	4879	305	0	6891
SM1031_polyA_metaT_scaffold_4_c1	0	9178	0	0	0	0	0	0	61558	0	0	0	37898
SM1031_polyA_metaT_scaffold_50626_c1	0	0	0	0	0	0	0	0	0	0	0	0	104
SM1031_polyA_metaT_scaffold_58440_c1	0	0	0	0	0	0	0	0	0	0	0	0	132
SM1031_polyA_metaT_scaffold_58_c1	0	0	0	0	0	0	0	0	0	0	0	0	10848
SM1031_polyA_metaT_scaffold_59_c1	0	0	0	0	0	0	0	0	0	0	0	0	1781
SM1031_polyA_metaT_scaffold_600_c1	0	0	0	0	0	0	0	0	0	0	0	0	2223
SM1031_polyA_metaT_scaffold_633_c1	0	0	0	0	0	0	0	0	0	0	0	0	731
SM1031_polyA_metaT_scaffold_63_c1	0	0	0	0	0	0	0	0	0	0	0	0	1435
SM1031_polyA_metaT_scaffold_7007_c1	0	0	0	0	0	0	0	0	0	0	0	0	168
SM1031_polyA_metaT_scaffold_7_c1	0	0	0	0	0	0	0	0	0	0	0	15079	26695
SM1031_polyA_metaT_scaffold_86598_c1	0	0	0	0	0	0	0	0	0	0	0	0	83
SM1031_polyA_metaT_scaffold_8_c1	0	0	0	2784	0	0	0	0	0	0	0	0	11879
SM1031_polyA_metaT_scaffold_96590_c1	0	0	0	0	0	0	0	0	0	0	0	0	81
SM1031_polyA_metaT_scaffold_9_c1	0	0	0	0	0	0	0	0	0	0	0	0	18793
SM1050_polyA_metaT_scaffold_11_c1	0	0	17580	11035	0	0	0	0	0	0	5998	15096	3351
SM1050_polyA_metaT_scaffold_12_c1	0	0	0	0	0	0	0	0	0	0	0	2952	0
SM1050_polyA_metaT_scaffold_13_c1	0	0	299	0	0	0	0	0	0	0	0	1818	0
SM1050_polyA_metaT_scaffold_15_c1	0	0	0	0	0	0	0	0	0	0	0	1133	0
SM1050_polyA_metaT_scaffold_16152_c1	0	0	0	0	0	0	0	0	0	0	0	138	0
SM1050_polyA_metaT_scaffold_169013_c1	0	0	0	0	0	0	0	0	0	0	0	46	0
SM1050_polyA_metaT_scaffold_17_c1	0	0	0	0	0	0	0	0	0	0	0	17155	0
SM1050_polyA_metaT_scaffold_18098_c1	0	0	0	0	0	0	0	0	0	0	0	106	0
SM1050_polyA_metaT_scaffold_200310_c1	0	0	0	0	0	0	0	0	0	0	0	69	0
SM1050_polyA_metaT_scaffold_21_c1	0	0	0	0	0	0	0	0	0	0	0	3280	0
SM1050_polyA_metaT_scaffold_31920_c1	0	0	0	0	0	0	0	0	0	0	0	35	0
SM1050_polyA_metaT_scaffold_31_c1	0	0	542	831	0	0	0	0	0	0	0	1426	0
SM1050_polyA_metaT_scaffold_34_c1	0	0	1385	0	0	0	0	0	2710	0	0	2598	0
SM1050_polyA_metaT_scaffold_38_c1	0	0	0	0	0	0	0	0	0	0	0	13979	0
SM1050_polyA_metaT_scaffold_3_c1	0	0	0	0	0	0	0	0	0	0	0	75134	0
SM1050_polyA_metaT_scaffold_451_c1	0	0	0	0	0	0	0	3486	0	0	0	17944	0
SM1050_polyA_metaT_scaffold_4688_c1	0	0	0	455	0	0	0	0	0	0	0	657	4162
SM1050_polyA_metaT_scaffold_48_c1	0	0	0	0	0	0	0	0	0	0	0	468	0
SM1050_polyA_metaT_scaffold_57_c1	0	0	0	0	0	0	0	0	0	1042	477	307	0
SM1050_polyA_metaT_scaffold_65_c1	0	0	0	0	0	0	4605	0	0	0	0	2559	0
SM1050_polyA_metaT_scaffold_67836_c1	0	0	0	0	0	0	0	0	0	0	0	32	0
SM1050_polyA_metaT_scaffold_6_c1	0	0	128160	16155	0	93447	0	0	0	0	0	34488	0
SM1050_polyA_metaT_scaffold_8821_c1	0	0	0	0	3619	0	4429	0	0	0	0	158	0
SM1050_polyA_metaT_scaffold_89506_c1	0	0	0	0	0	0	0	0	0	0	0	57	0
SM1050_polyA_metaT_scaffold_90926_c1	0	0	0	0	0	0	0	0	0	0	0	39	0